{
  "type": "FeatureCollection",
  "name": "infrastructure_nodes_gridcoded",
  "crs": {
    "type": "name",
    "properties": {
      "name": "urn:ogc:def:crs:OGC:1.3:CRS84"
    }
  },
  "features": [
    {
      "type": "Feature",
      "properties": {
        "node_id": "INF_0094",
        "node_type": "infrastructure",
        "node_subtype": "amenity:drinking_water",
        "degree": null,
        "source": "infrastructure",
        "source_edge": "E06955",
        "name": "Drinking Water",
        "notes": "useful_infrastructure; amenity:drinking_water",
        "display_group": "infrastructure",
        "display_color": "#17becf",
        "display_label": "Drinking water",
        "infra_field": "amenity",
        "infra_type": "drinking_water",
        "infra_class": "Drinking water",
        "infra_category": "Drinking water",
        "infra_name": "Drinking Water",
        "display_name": "Drinking Water",
        "gate_name": null,
        "gate_name_status": null,
        "needs_gate_name_review": "False",
        "snap_dist_m": 5.595993698781493,
        "index_right": 0,
        "grid_x": 1,
        "grid_y": 1,
        "grid_id": "11",
        "lat": 40.77105581962096,
        "lon": -73.96878270273473,
        "cell_seq": 5,
        "grid_node_code": "11005"
      },
      "geometry": {
        "type": "Point",
        "coordinates": [
          -73.96878270273473,
          40.77105581962096
        ]
      }
    },
    {
      "type": "Feature",
      "properties": {
        "node_id": "INF_0080",
        "node_type": "infrastructure",
        "node_subtype": "amenity:drinking_water",
        "degree": null,
        "source": "infrastructure",
        "source_edge": "E01437",
        "name": "Drinking Water",
        "notes": "useful_infrastructure; amenity:drinking_water",
        "display_group": "infrastructure",
        "display_color": "#17becf",
        "display_label": "Drinking water",
        "infra_field": "amenity",
        "infra_type": "drinking_water",
        "infra_class": "Drinking water",
        "infra_category": "Drinking water",
        "infra_name": "Drinking Water",
        "display_name": "Drinking Water",
        "gate_name": null,
        "gate_name_status": null,
        "needs_gate_name_review": "False",
        "snap_dist_m": 3.6174413464764132,
        "index_right": 0,
        "grid_x": 1,
        "grid_y": 1,
        "grid_id": "11",
        "lat": 40.77008567777959,
        "lon": -73.97021350030558,
        "cell_seq": 10,
        "grid_node_code": "11010"
      },
      "geometry": {
        "type": "Point",
        "coordinates": [
          -73.97021350030558,
          40.77008567777959
        ]
      }
    },
    {
      "type": "Feature",
      "properties": {
        "node_id": "INF_0261",
        "node_type": "infrastructure",
        "node_subtype": "tourism:information",
        "degree": null,
        "source": "infrastructure",
        "source_edge": "E01541",
        "name": "Sled dogs memorial plaque",
        "notes": "useful_infrastructure; tourism:information",
        "display_group": "infrastructure",
        "display_color": "#9467bd",
        "display_label": "Information / landmark",
        "infra_field": "tourism",
        "infra_type": "information",
        "infra_class": "Information / landmark",
        "infra_category": "Information / landmark",
        "infra_name": "Sled dogs memorial plaque",
        "display_name": "Sled dogs memorial plaque",
        "gate_name": null,
        "gate_name_status": null,
        "needs_gate_name_review": "False",
        "snap_dist_m": 1.516406025032583,
        "index_right": 0,
        "grid_x": 1,
        "grid_y": 1,
        "grid_id": "11",
        "lat": 40.77000251321311,
        "lon": -73.97099355699363,
        "cell_seq": 11,
        "grid_node_code": "11011"
      },
      "geometry": {
        "type": "Point",
        "coordinates": [
          -73.97099355699363,
          40.77000251321311
        ]
      }
    },
    {
      "type": "Feature",
      "properties": {
        "node_id": "INF_0011",
        "node_type": "infrastructure",
        "node_subtype": "tourism:artwork",
        "degree": null,
        "source": "infrastructure",
        "source_edge": "E01374",
        "name": "Balto",
        "notes": "useful_infrastructure; tourism:artwork",
        "display_group": "infrastructure",
        "display_color": "#9467bd",
        "display_label": "Information / landmark",
        "infra_field": "tourism",
        "infra_type": "artwork",
        "infra_class": "Information / landmark",
        "infra_category": "Information / landmark",
        "infra_name": "Balto",
        "display_name": "Balto",
        "gate_name": null,
        "gate_name_status": null,
        "needs_gate_name_review": "False",
        "snap_dist_m": 3.992352445091903,
        "index_right": 0,
        "grid_x": 1,
        "grid_y": 1,
        "grid_id": "11",
        "lat": 40.76993848638777,
        "lon": -73.97097260072188,
        "cell_seq": 14,
        "grid_node_code": "11014"
      },
      "geometry": {
        "type": "Point",
        "coordinates": [
          -73.97097260072188,
          40.76993848638777
        ]
      }
    },
    {
      "type": "Feature",
      "properties": {
        "node_id": "INF_0014",
        "node_type": "infrastructure",
        "node_subtype": "leisure:playground",
        "degree": null,
        "source": "infrastructure",
        "source_edge": "E01508",
        "name": "Billy Johnson Playground",
        "notes": "useful_infrastructure; leisure:playground",
        "display_group": "infrastructure",
        "display_color": "#e377c2",
        "display_label": "Recreation",
        "infra_field": "leisure",
        "infra_type": "playground",
        "infra_class": "Recreation",
        "infra_category": "Recreation",
        "infra_name": "Billy Johnson Playground",
        "display_name": "Billy Johnson Playground",
        "gate_name": null,
        "gate_name_status": null,
        "needs_gate_name_review": "False",
        "snap_dist_m": 20.0440062796184,
        "index_right": 0,
        "grid_x": 1,
        "grid_y": 1,
        "grid_id": "11",
        "lat": 40.7696582,
        "lon": -73.969922,
        "cell_seq": 17,
        "grid_node_code": "11017"
      },
      "geometry": {
        "type": "Point",
        "coordinates": [
          -73.969922,
          40.7696582
        ]
      }
    },
    {
      "type": "Feature",
      "properties": {
        "node_id": "INF_0100",
        "node_type": "infrastructure",
        "node_subtype": "amenity:drinking_water",
        "degree": null,
        "source": "infrastructure",
        "source_edge": "E01413",
        "name": "Drinking Water",
        "notes": "useful_infrastructure; amenity:drinking_water",
        "display_group": "infrastructure",
        "display_color": "#17becf",
        "display_label": "Drinking water",
        "infra_field": "amenity",
        "infra_type": "drinking_water",
        "infra_class": "Drinking water",
        "infra_category": "Drinking water",
        "infra_name": "Drinking Water",
        "display_name": "Drinking Water",
        "gate_name": null,
        "gate_name_status": null,
        "needs_gate_name_review": "False",
        "snap_dist_m": 6.4628357284670175,
        "index_right": 0,
        "grid_x": 1,
        "grid_y": 1,
        "grid_id": "11",
        "lat": 40.769387669709445,
        "lon": -73.97058875518577,
        "cell_seq": 19,
        "grid_node_code": "11019"
      },
      "geometry": {
        "type": "Point",
        "coordinates": [
          -73.97058875518577,
          40.769387669709445
        ]
      }
    },
    {
      "type": "Feature",
      "properties": {
        "node_id": "INF_0092",
        "node_type": "infrastructure",
        "node_subtype": "amenity:drinking_water",
        "degree": null,
        "source": "infrastructure",
        "source_edge": "E09314",
        "name": "Drinking Water",
        "notes": "useful_infrastructure; amenity:drinking_water",
        "display_group": "infrastructure",
        "display_color": "#17becf",
        "display_label": "Drinking water",
        "infra_field": "amenity",
        "infra_type": "drinking_water",
        "infra_class": "Drinking water",
        "infra_category": "Drinking water",
        "infra_name": "Drinking Water",
        "display_name": "Drinking Water",
        "gate_name": null,
        "gate_name_status": null,
        "needs_gate_name_review": "False",
        "snap_dist_m": 5.099063264762645,
        "index_right": 0,
        "grid_x": 1,
        "grid_y": 1,
        "grid_id": "11",
        "lat": 40.76861300695868,
        "lon": -73.9709436074214,
        "cell_seq": 25,
        "grid_node_code": "11025"
      },
      "geometry": {
        "type": "Point",
        "coordinates": [
          -73.9709436074214,
          40.76861300695868
        ]
      }
    },
    {
      "type": "Feature",
      "properties": {
        "node_id": "INF_0283",
        "node_type": "infrastructure",
        "node_subtype": "amenity:toilets",
        "degree": null,
        "source": "infrastructure",
        "source_edge": "E13783",
        "name": "Toilets",
        "notes": "useful_infrastructure; amenity:toilets",
        "display_group": "infrastructure",
        "display_color": "#1f77b4",
        "display_label": "Restroom",
        "infra_field": "amenity",
        "infra_type": "toilets",
        "infra_class": "Restroom",
        "infra_category": "Restroom",
        "infra_name": "Toilets",
        "display_name": "Toilets",
        "gate_name": null,
        "gate_name_status": null,
        "needs_gate_name_review": "False",
        "snap_dist_m": 3.9275729939271415,
        "index_right": 0,
        "grid_x": 1,
        "grid_y": 1,
        "grid_id": "11",
        "lat": 40.76843330133825,
        "lon": -73.97072340970536,
        "cell_seq": 27,
        "grid_node_code": "11027"
      },
      "geometry": {
        "type": "Point",
        "coordinates": [
          -73.97072340970536,
          40.76843330133825
        ]
      }
    },
    {
      "type": "Feature",
      "properties": {
        "node_id": "INF_0145",
        "node_type": "infrastructure",
        "node_subtype": "tourism:attraction",
        "degree": null,
        "source": "infrastructure",
        "source_edge": "E06049",
        "name": "Grizzly Bear",
        "notes": "useful_infrastructure; tourism:attraction",
        "display_group": "infrastructure",
        "display_color": "#9467bd",
        "display_label": "Information / landmark",
        "infra_field": "tourism",
        "infra_type": "attraction",
        "infra_class": "Information / landmark",
        "infra_category": "Information / landmark",
        "infra_name": "Grizzly Bear",
        "display_name": "Grizzly Bear",
        "gate_name": null,
        "gate_name_status": null,
        "needs_gate_name_review": "False",
        "snap_dist_m": 11.463787098314866,
        "index_right": 0,
        "grid_x": 1,
        "grid_y": 1,
        "grid_id": "11",
        "lat": 40.7683705,
        "lon": -73.972035,
        "cell_seq": 28,
        "grid_node_code": "11028"
      },
      "geometry": {
        "type": "Point",
        "coordinates": [
          -73.972035,
          40.7683705
        ]
      }
    },
    {
      "type": "Feature",
      "properties": {
        "node_id": "INF_0264",
        "node_type": "infrastructure",
        "node_subtype": "tourism:attraction",
        "degree": null,
        "source": "infrastructure",
        "source_edge": "E06059",
        "name": "Snow Monkey",
        "notes": "useful_infrastructure; tourism:attraction",
        "display_group": "infrastructure",
        "display_color": "#9467bd",
        "display_label": "Information / landmark",
        "infra_field": "tourism",
        "infra_type": "attraction",
        "infra_class": "Information / landmark",
        "infra_category": "Information / landmark",
        "infra_name": "Snow Monkey",
        "display_name": "Snow Monkey",
        "gate_name": null,
        "gate_name_status": null,
        "needs_gate_name_review": "False",
        "snap_dist_m": 16.182150131018144,
        "index_right": 0,
        "grid_x": 1,
        "grid_y": 1,
        "grid_id": "11",
        "lat": 40.76832535142093,
        "lon": -73.9723086779748,
        "cell_seq": 29,
        "grid_node_code": "11029"
      },
      "geometry": {
        "type": "Point",
        "coordinates": [
          -73.9723086779748,
          40.76832535142093
        ]
      }
    },
    {
      "type": "Feature",
      "properties": {
        "node_id": "INF_0254",
        "node_type": "infrastructure",
        "node_subtype": "tourism:attraction",
        "degree": null,
        "source": "infrastructure",
        "source_edge": "E05989",
        "name": "Seal",
        "notes": "useful_infrastructure; tourism:attraction",
        "display_group": "infrastructure",
        "display_color": "#9467bd",
        "display_label": "Information / landmark",
        "infra_field": "tourism",
        "infra_type": "attraction",
        "infra_class": "Information / landmark",
        "infra_category": "Information / landmark",
        "infra_name": "Seal",
        "display_name": "Seal",
        "gate_name": null,
        "gate_name_status": null,
        "needs_gate_name_review": "False",
        "snap_dist_m": 13.489322384995072,
        "index_right": 0,
        "grid_x": 1,
        "grid_y": 1,
        "grid_id": "11",
        "lat": 40.76826503773909,
        "lon": -73.9716829336252,
        "cell_seq": 33,
        "grid_node_code": "11033"
      },
      "geometry": {
        "type": "Point",
        "coordinates": [
          -73.9716829336252,
          40.76826503773909
        ]
      }
    },
    {
      "type": "Feature",
      "properties": {
        "node_id": "INF_0133",
        "node_type": "infrastructure",
        "node_subtype": "tourism:attraction",
        "degree": null,
        "source": "infrastructure",
        "source_edge": "E05982",
        "name": "Gentoo Penguin",
        "notes": "useful_infrastructure; tourism:attraction",
        "display_group": "infrastructure",
        "display_color": "#9467bd",
        "display_label": "Information / landmark",
        "infra_field": "tourism",
        "infra_type": "attraction",
        "infra_class": "Information / landmark",
        "infra_category": "Information / landmark",
        "infra_name": "Gentoo Penguin",
        "display_name": "Gentoo Penguin",
        "gate_name": null,
        "gate_name_status": null,
        "needs_gate_name_review": "False",
        "snap_dist_m": 12.537872985462622,
        "index_right": 0,
        "grid_x": 1,
        "grid_y": 1,
        "grid_id": "11",
        "lat": 40.7682183,
        "lon": -73.9714798,
        "cell_seq": 35,
        "grid_node_code": "11035"
      },
      "geometry": {
        "type": "Point",
        "coordinates": [
          -73.9714798,
          40.7682183
        ]
      }
    },
    {
      "type": "Feature",
      "properties": {
        "node_id": "INF_0243",
        "node_type": "infrastructure",
        "node_subtype": "tourism:attraction",
        "degree": null,
        "source": "infrastructure",
        "source_edge": "E05983",
        "name": "Puffin",
        "notes": "useful_infrastructure; tourism:attraction",
        "display_group": "infrastructure",
        "display_color": "#9467bd",
        "display_label": "Information / landmark",
        "infra_field": "tourism",
        "infra_type": "attraction",
        "infra_class": "Information / landmark",
        "infra_category": "Information / landmark",
        "infra_name": "Puffin",
        "display_name": "Puffin",
        "gate_name": null,
        "gate_name_status": null,
        "needs_gate_name_review": "False",
        "snap_dist_m": 7.475224528289216,
        "index_right": 0,
        "grid_x": 1,
        "grid_y": 1,
        "grid_id": "11",
        "lat": 40.76813687122253,
        "lon": -73.9713762126363,
        "cell_seq": 38,
        "grid_node_code": "11038"
      },
      "geometry": {
        "type": "Point",
        "coordinates": [
          -73.9713762126363,
          40.76813687122253
        ]
      }
    },
    {
      "type": "Feature",
      "properties": {
        "node_id": "INF_0029",
        "node_type": "infrastructure",
        "node_subtype": "tourism:attraction",
        "degree": null,
        "source": "infrastructure",
        "source_edge": "E12280",
        "name": "Delacorte Musical Clock",
        "notes": "useful_infrastructure; tourism:attraction",
        "display_group": "infrastructure",
        "display_color": "#9467bd",
        "display_label": "Information / landmark",
        "infra_field": "tourism",
        "infra_type": "attraction",
        "infra_class": "Information / landmark",
        "infra_category": "Information / landmark",
        "infra_name": "Delacorte Musical Clock",
        "display_name": "Delacorte Musical Clock",
        "gate_name": null,
        "gate_name_status": null,
        "needs_gate_name_review": "False",
        "snap_dist_m": 0.17977557234523114,
        "index_right": 0,
        "grid_x": 1,
        "grid_y": 1,
        "grid_id": "11",
        "lat": 40.76811547692238,
        "lon": -73.97117666881537,
        "cell_seq": 40,
        "grid_node_code": "11040"
      },
      "geometry": {
        "type": "Point",
        "coordinates": [
          -73.97117666881537,
          40.76811547692238
        ]
      }
    },
    {
      "type": "Feature",
      "properties": {
        "node_id": "INF_0118",
        "node_type": "infrastructure",
        "node_subtype": "amenity:drinking_water",
        "degree": null,
        "source": "infrastructure",
        "source_edge": "E06007",
        "name": "Drinking Water",
        "notes": "useful_infrastructure; amenity:drinking_water",
        "display_group": "infrastructure",
        "display_color": "#17becf",
        "display_label": "Drinking water",
        "infra_field": "amenity",
        "infra_type": "drinking_water",
        "infra_class": "Drinking water",
        "infra_category": "Drinking water",
        "infra_name": "Drinking Water",
        "display_name": "Drinking Water",
        "gate_name": null,
        "gate_name_status": null,
        "needs_gate_name_review": "False",
        "snap_dist_m": 14.484927753119305,
        "index_right": 0,
        "grid_x": 1,
        "grid_y": 1,
        "grid_id": "11",
        "lat": 40.76780877157875,
        "lon": -73.97140507328136,
        "cell_seq": 47,
        "grid_node_code": "11047"
      },
      "geometry": {
        "type": "Point",
        "coordinates": [
          -73.97140507328136,
          40.76780877157875
        ]
      }
    },
    {
      "type": "Feature",
      "properties": {
        "node_id": "INF_0018",
        "node_type": "infrastructure",
        "node_subtype": "tourism:attraction",
        "degree": null,
        "source": "infrastructure",
        "source_edge": "E06027",
        "name": "California Sea Lion",
        "notes": "useful_infrastructure; tourism:attraction",
        "display_group": "infrastructure",
        "display_color": "#9467bd",
        "display_label": "Information / landmark",
        "infra_field": "tourism",
        "infra_type": "attraction",
        "infra_class": "Information / landmark",
        "infra_category": "Information / landmark",
        "infra_name": "California Sea Lion",
        "display_name": "California Sea Lion",
        "gate_name": null,
        "gate_name_status": null,
        "needs_gate_name_review": "False",
        "snap_dist_m": 11.459209555529437,
        "index_right": 0,
        "grid_x": 1,
        "grid_y": 1,
        "grid_id": "11",
        "lat": 40.767763457506334,
        "lon": -73.9716443640027,
        "cell_seq": 49,
        "grid_node_code": "11049"
      },
      "geometry": {
        "type": "Point",
        "coordinates": [
          -73.9716443640027,
          40.767763457506334
        ]
      }
    },
    {
      "type": "Feature",
      "properties": {
        "node_id": "INF_0301",
        "node_type": "infrastructure",
        "node_subtype": "tourism:attraction",
        "degree": null,
        "source": "infrastructure",
        "source_edge": "E05981",
        "name": "Tropical Zone",
        "notes": "useful_infrastructure; tourism:attraction",
        "display_group": "infrastructure",
        "display_color": "#9467bd",
        "display_label": "Information / landmark",
        "infra_field": "tourism",
        "infra_type": "attraction",
        "infra_class": "Information / landmark",
        "infra_category": "Information / landmark",
        "infra_name": "Tropical Zone",
        "display_name": "Tropical Zone",
        "gate_name": null,
        "gate_name_status": null,
        "needs_gate_name_review": "False",
        "snap_dist_m": 16.627075176889242,
        "index_right": 0,
        "grid_x": 1,
        "grid_y": 1,
        "grid_id": "11",
        "lat": 40.7675986,
        "lon": -73.9723332,
        "cell_seq": 53,
        "grid_node_code": "11053"
      },
      "geometry": {
        "type": "Point",
        "coordinates": [
          -73.9723332,
          40.7675986
        ]
      }
    },
    {
      "type": "Feature",
      "properties": {
        "node_id": "INF_0307",
        "node_type": "infrastructure",
        "node_subtype": "barrier:gate",
        "degree": null,
        "source": "infrastructure",
        "source_edge": "E06009",
        "name": "Unnamed gate",
        "notes": "useful_infrastructure; barrier:gate",
        "display_group": "infrastructure",
        "display_color": "#7f7f7f",
        "display_label": "Entrance / gate",
        "infra_field": "barrier",
        "infra_type": "gate",
        "infra_class": "Entrance / gate",
        "infra_category": "Entrance / gate",
        "infra_name": "Unnamed gate",
        "display_name": "Unnamed gate",
        "gate_name": null,
        "gate_name_status": "missing_name",
        "needs_gate_name_review": "True",
        "snap_dist_m": 0.0,
        "index_right": 0,
        "grid_x": 1,
        "grid_y": 1,
        "grid_id": "11",
        "lat": 40.7675767,
        "lon": -73.9716415,
        "cell_seq": 55,
        "grid_node_code": "11055"
      },
      "geometry": {
        "type": "Point",
        "coordinates": [
          -73.9716415,
          40.7675767
        ]
      }
    },
    {
      "type": "Feature",
      "properties": {
        "node_id": "INF_0288",
        "node_type": "infrastructure",
        "node_subtype": "amenity:toilets",
        "degree": null,
        "source": "infrastructure",
        "source_edge": "E06013",
        "name": "Toilets",
        "notes": "useful_infrastructure; amenity:toilets",
        "display_group": "infrastructure",
        "display_color": "#1f77b4",
        "display_label": "Restroom",
        "infra_field": "amenity",
        "infra_type": "toilets",
        "infra_class": "Restroom",
        "infra_category": "Restroom",
        "infra_name": "Toilets",
        "display_name": "Toilets",
        "gate_name": null,
        "gate_name_status": null,
        "needs_gate_name_review": "False",
        "snap_dist_m": 9.32632871121537,
        "index_right": 0,
        "grid_x": 1,
        "grid_y": 1,
        "grid_id": "11",
        "lat": 40.76750539658533,
        "lon": -73.97210915657364,
        "cell_seq": 60,
        "grid_node_code": "11060"
      },
      "geometry": {
        "type": "Point",
        "coordinates": [
          -73.97210915657364,
          40.76750539658533
        ]
      }
    },
    {
      "type": "Feature",
      "properties": {
        "node_id": "INF_0105",
        "node_type": "infrastructure",
        "node_subtype": "amenity:drinking_water",
        "degree": null,
        "source": "infrastructure",
        "source_edge": "E06013",
        "name": "Drinking Water",
        "notes": "useful_infrastructure; amenity:drinking_water",
        "display_group": "infrastructure",
        "display_color": "#17becf",
        "display_label": "Drinking water",
        "infra_field": "amenity",
        "infra_type": "drinking_water",
        "infra_class": "Drinking water",
        "infra_category": "Drinking water",
        "infra_name": "Drinking Water",
        "display_name": "Drinking Water",
        "gate_name": null,
        "gate_name_status": null,
        "needs_gate_name_review": "False",
        "snap_dist_m": 8.250873589675983,
        "index_right": 0,
        "grid_x": 1,
        "grid_y": 1,
        "grid_id": "11",
        "lat": 40.767390198231375,
        "lon": -73.97183227302584,
        "cell_seq": 63,
        "grid_node_code": "11063"
      },
      "geometry": {
        "type": "Point",
        "coordinates": [
          -73.97183227302584,
          40.767390198231375
        ]
      }
    },
    {
      "type": "Feature",
      "properties": {
        "node_id": "INF_0290",
        "node_type": "infrastructure",
        "node_subtype": "amenity:toilets",
        "degree": null,
        "source": "infrastructure",
        "source_edge": "E09115",
        "name": "Toilets",
        "notes": "useful_infrastructure; amenity:toilets",
        "display_group": "infrastructure",
        "display_color": "#1f77b4",
        "display_label": "Restroom",
        "infra_field": "amenity",
        "infra_type": "toilets",
        "infra_class": "Restroom",
        "infra_category": "Restroom",
        "infra_name": "Toilets",
        "display_name": "Toilets",
        "gate_name": null,
        "gate_name_status": null,
        "needs_gate_name_review": "False",
        "snap_dist_m": 10.116918544999294,
        "index_right": 0,
        "grid_x": 1,
        "grid_y": 1,
        "grid_id": "11",
        "lat": 40.76734663651967,
        "lon": -73.97149086472902,
        "cell_seq": 64,
        "grid_node_code": "11064"
      },
      "geometry": {
        "type": "Point",
        "coordinates": [
          -73.97149086472902,
          40.76734663651967
        ]
      }
    },
    {
      "type": "Feature",
      "properties": {
        "node_id": "INF_0043",
        "node_type": "infrastructure",
        "node_subtype": "amenity:drinking_water",
        "degree": null,
        "source": "infrastructure",
        "source_edge": "E09114",
        "name": "Drinking Water",
        "notes": "useful_infrastructure; amenity:drinking_water",
        "display_group": "infrastructure",
        "display_color": "#17becf",
        "display_label": "Drinking water",
        "infra_field": "amenity",
        "infra_type": "drinking_water",
        "infra_class": "Drinking water",
        "infra_category": "Drinking water",
        "infra_name": "Drinking Water",
        "display_name": "Drinking Water",
        "gate_name": null,
        "gate_name_status": null,
        "needs_gate_name_review": "False",
        "snap_dist_m": 1.187948546719261,
        "index_right": 0,
        "grid_x": 1,
        "grid_y": 1,
        "grid_id": "11",
        "lat": 40.76730662820667,
        "lon": -73.97133240564891,
        "cell_seq": 65,
        "grid_node_code": "11065"
      },
      "geometry": {
        "type": "Point",
        "coordinates": [
          -73.97133240564891,
          40.76730662820667
        ]
      }
    },
    {
      "type": "Feature",
      "properties": {
        "node_id": "INF_0098",
        "node_type": "infrastructure",
        "node_subtype": "amenity:drinking_water",
        "degree": null,
        "source": "infrastructure",
        "source_edge": "E01408",
        "name": "Drinking Water",
        "notes": "useful_infrastructure; amenity:drinking_water",
        "display_group": "infrastructure",
        "display_color": "#17becf",
        "display_label": "Drinking water",
        "infra_field": "amenity",
        "infra_type": "drinking_water",
        "infra_class": "Drinking water",
        "infra_category": "Drinking water",
        "infra_name": "Drinking Water",
        "display_name": "Drinking Water",
        "gate_name": null,
        "gate_name_status": null,
        "needs_gate_name_review": "False",
        "snap_dist_m": 5.9068405143824645,
        "index_right": 0,
        "grid_x": 1,
        "grid_y": 1,
        "grid_id": "11",
        "lat": 40.76714521535432,
        "lon": -73.97189045380216,
        "cell_seq": 66,
        "grid_node_code": "11066"
      },
      "geometry": {
        "type": "Point",
        "coordinates": [
          -73.97189045380216,
          40.76714521535432
        ]
      }
    },
    {
      "type": "Feature",
      "properties": {
        "node_id": "INF_0027",
        "node_type": "infrastructure",
        "node_subtype": "amenity:cafe",
        "degree": null,
        "source": "infrastructure",
        "source_edge": "E01408",
        "name": "Dancing Crane Cafe",
        "notes": "useful_infrastructure; amenity:cafe",
        "display_group": "infrastructure",
        "display_color": "#ff7f0e",
        "display_label": "Food / cafe",
        "infra_field": "amenity",
        "infra_type": "cafe",
        "infra_class": "Food / cafe",
        "infra_category": "Food / cafe",
        "infra_name": "Dancing Crane Cafe",
        "display_name": "Dancing Crane Cafe",
        "gate_name": null,
        "gate_name_status": null,
        "needs_gate_name_review": "False",
        "snap_dist_m": 14.424669500003194,
        "index_right": 0,
        "grid_x": 1,
        "grid_y": 1,
        "grid_id": "11",
        "lat": 40.76712127935627,
        "lon": -73.97190748373495,
        "cell_seq": 67,
        "grid_node_code": "11067"
      },
      "geometry": {
        "type": "Point",
        "coordinates": [
          -73.97190748373495,
          40.76712127935627
        ]
      }
    },
    {
      "type": "Feature",
      "properties": {
        "node_id": "INF_0044",
        "node_type": "infrastructure",
        "node_subtype": "amenity:drinking_water",
        "degree": null,
        "source": "infrastructure",
        "source_edge": "E06513",
        "name": "Drinking Water",
        "notes": "useful_infrastructure; amenity:drinking_water",
        "display_group": "infrastructure",
        "display_color": "#17becf",
        "display_label": "Drinking water",
        "infra_field": "amenity",
        "infra_type": "drinking_water",
        "infra_class": "Drinking water",
        "infra_category": "Drinking water",
        "infra_name": "Drinking Water",
        "display_name": "Drinking Water",
        "gate_name": null,
        "gate_name_status": null,
        "needs_gate_name_review": "False",
        "snap_dist_m": 1.5403095811012613,
        "index_right": 0,
        "grid_x": 1,
        "grid_y": 1,
        "grid_id": "11",
        "lat": 40.76607792645666,
        "lon": -73.97354770683144,
        "cell_seq": 75,
        "grid_node_code": "11075"
      },
      "geometry": {
        "type": "Point",
        "coordinates": [
          -73.97354770683144,
          40.76607792645666
        ]
      }
    },
    {
      "type": "Feature",
      "properties": {
        "node_id": "INF_0278",
        "node_type": "infrastructure",
        "node_subtype": "tourism:artwork",
        "degree": null,
        "source": "infrastructure",
        "source_edge": "E06158",
        "name": "Thomas Moore",
        "notes": "useful_infrastructure; tourism:artwork",
        "display_group": "infrastructure",
        "display_color": "#9467bd",
        "display_label": "Information / landmark",
        "infra_field": "tourism",
        "infra_type": "artwork",
        "infra_class": "Information / landmark",
        "infra_category": "Information / landmark",
        "infra_name": "Thomas Moore",
        "display_name": "Thomas Moore",
        "gate_name": null,
        "gate_name_status": null,
        "needs_gate_name_review": "False",
        "snap_dist_m": 7.820435962644776,
        "index_right": 0,
        "grid_x": 1,
        "grid_y": 1,
        "grid_id": "11",
        "lat": 40.76587481381634,
        "lon": -73.97330575382924,
        "cell_seq": 78,
        "grid_node_code": "11078"
      },
      "geometry": {
        "type": "Point",
        "coordinates": [
          -73.97330575382924,
          40.76587481381634
        ]
      }
    },
    {
      "type": "Feature",
      "properties": {
        "node_id": "INF_0058",
        "node_type": "infrastructure",
        "node_subtype": "amenity:drinking_water",
        "degree": null,
        "source": "infrastructure",
        "source_edge": "E03116",
        "name": "Drinking Water",
        "notes": "useful_infrastructure; amenity:drinking_water",
        "display_group": "infrastructure",
        "display_color": "#17becf",
        "display_label": "Drinking water",
        "infra_field": "amenity",
        "infra_type": "drinking_water",
        "infra_class": "Drinking water",
        "infra_category": "Drinking water",
        "infra_name": "Drinking Water",
        "display_name": "Drinking Water",
        "gate_name": null,
        "gate_name_status": null,
        "needs_gate_name_review": "False",
        "snap_dist_m": 2.3884284163021188,
        "index_right": 1,
        "grid_x": 1,
        "grid_y": 2,
        "grid_id": "12",
        "lat": 40.772129991511505,
        "lon": -73.9712817687116,
        "cell_seq": 1,
        "grid_node_code": "12001"
      },
      "geometry": {
        "type": "Point",
        "coordinates": [
          -73.9712817687116,
          40.772129991511505
        ]
      }
    },
    {
      "type": "Feature",
      "properties": {
        "node_id": "INF_0349",
        "node_type": "infrastructure",
        "node_subtype": "tourism:artwork",
        "degree": null,
        "source": "infrastructure",
        "source_edge": "E03040",
        "name": "Women's Rights Pioneers Monument",
        "notes": "useful_infrastructure; tourism:artwork",
        "display_group": "infrastructure",
        "display_color": "#9467bd",
        "display_label": "Information / landmark",
        "infra_field": "tourism",
        "infra_type": "artwork",
        "infra_class": "Information / landmark",
        "infra_category": "Information / landmark",
        "infra_name": "Women's Rights Pioneers Monument",
        "display_name": "Women's Rights Pioneers Monument",
        "gate_name": null,
        "gate_name_status": null,
        "needs_gate_name_review": "False",
        "snap_dist_m": 12.452467865410572,
        "index_right": 1,
        "grid_x": 1,
        "grid_y": 2,
        "grid_id": "12",
        "lat": 40.77081985823146,
        "lon": -73.97235216958518,
        "cell_seq": 8,
        "grid_node_code": "12008"
      },
      "geometry": {
        "type": "Point",
        "coordinates": [
          -73.97235216958518,
          40.77081985823146
        ]
      }
    },
    {
      "type": "Feature",
      "properties": {
        "node_id": "INF_0129",
        "node_type": "infrastructure",
        "node_subtype": "tourism:artwork",
        "degree": null,
        "source": "infrastructure",
        "source_edge": "E02987",
        "name": "Fitz-Greene Halleck",
        "notes": "useful_infrastructure; tourism:artwork",
        "display_group": "infrastructure",
        "display_color": "#9467bd",
        "display_label": "Information / landmark",
        "infra_field": "tourism",
        "infra_type": "artwork",
        "infra_class": "Information / landmark",
        "infra_category": "Information / landmark",
        "infra_name": "Fitz-Greene Halleck",
        "display_name": "Fitz-Greene Halleck",
        "gate_name": null,
        "gate_name_status": null,
        "needs_gate_name_review": "False",
        "snap_dist_m": 9.470028250030976,
        "index_right": 1,
        "grid_x": 1,
        "grid_y": 2,
        "grid_id": "12",
        "lat": 40.77068776255767,
        "lon": -73.97224442437697,
        "cell_seq": 10,
        "grid_node_code": "12010"
      },
      "geometry": {
        "type": "Point",
        "coordinates": [
          -73.97224442437697,
          40.77068776255767
        ]
      }
    },
    {
      "type": "Feature",
      "properties": {
        "node_id": "INF_0158",
        "node_type": "infrastructure",
        "node_subtype": "tourism:artwork",
        "degree": null,
        "source": "infrastructure",
        "source_edge": "E06918",
        "name": "Indian Hunter",
        "notes": "useful_infrastructure; tourism:artwork",
        "display_group": "infrastructure",
        "display_color": "#9467bd",
        "display_label": "Information / landmark",
        "infra_field": "tourism",
        "infra_type": "artwork",
        "infra_class": "Information / landmark",
        "infra_category": "Information / landmark",
        "infra_name": "Indian Hunter",
        "display_name": "Indian Hunter",
        "gate_name": null,
        "gate_name_status": null,
        "needs_gate_name_review": "False",
        "snap_dist_m": 3.7120940861440843,
        "index_right": 1,
        "grid_x": 1,
        "grid_y": 2,
        "grid_id": "12",
        "lat": 40.770406418396206,
        "lon": -73.97313163860184,
        "cell_seq": 13,
        "grid_node_code": "12013"
      },
      "geometry": {
        "type": "Point",
        "coordinates": [
          -73.97313163860184,
          40.770406418396206
        ]
      }
    },
    {
      "type": "Feature",
      "properties": {
        "node_id": "INF_0247",
        "node_type": "infrastructure",
        "node_subtype": "tourism:artwork",
        "degree": null,
        "source": "infrastructure",
        "source_edge": "E02987",
        "name": "Robert Burns",
        "notes": "useful_infrastructure; tourism:artwork",
        "display_group": "infrastructure",
        "display_color": "#9467bd",
        "display_label": "Information / landmark",
        "infra_field": "tourism",
        "infra_type": "artwork",
        "infra_class": "Information / landmark",
        "infra_category": "Information / landmark",
        "infra_name": "Robert Burns",
        "display_name": "Robert Burns",
        "gate_name": null,
        "gate_name_status": null,
        "needs_gate_name_review": "False",
        "snap_dist_m": 10.684763859532392,
        "index_right": 1,
        "grid_x": 1,
        "grid_y": 2,
        "grid_id": "12",
        "lat": 40.77016607689248,
        "lon": -73.97244435841202,
        "cell_seq": 17,
        "grid_node_code": "12017"
      },
      "geometry": {
        "type": "Point",
        "coordinates": [
          -73.97244435841202,
          40.77016607689248
        ]
      }
    },
    {
      "type": "Feature",
      "properties": {
        "node_id": "INF_0259",
        "node_type": "infrastructure",
        "node_subtype": "tourism:artwork",
        "degree": null,
        "source": "infrastructure",
        "source_edge": "E02987",
        "name": "Sir Walter Scott",
        "notes": "useful_infrastructure; tourism:artwork",
        "display_group": "infrastructure",
        "display_color": "#9467bd",
        "display_label": "Information / landmark",
        "infra_field": "tourism",
        "infra_type": "artwork",
        "infra_class": "Information / landmark",
        "infra_category": "Information / landmark",
        "infra_name": "Sir Walter Scott",
        "display_name": "Sir Walter Scott",
        "gate_name": null,
        "gate_name_status": null,
        "needs_gate_name_review": "False",
        "snap_dist_m": 9.284890538010206,
        "index_right": 1,
        "grid_x": 1,
        "grid_y": 2,
        "grid_id": "12",
        "lat": 40.77016409585633,
        "lon": -73.97244511763013,
        "cell_seq": 18,
        "grid_node_code": "12018"
      },
      "geometry": {
        "type": "Point",
        "coordinates": [
          -73.97244511763013,
          40.77016409585633
        ]
      }
    },
    {
      "type": "Feature",
      "properties": {
        "node_id": "INF_0248",
        "node_type": "infrastructure",
        "node_subtype": "tourism:information",
        "degree": null,
        "source": "infrastructure",
        "source_edge": "E02987",
        "name": "Robert Burns",
        "notes": "useful_infrastructure; tourism:information",
        "display_group": "infrastructure",
        "display_color": "#9467bd",
        "display_label": "Information / landmark",
        "infra_field": "tourism",
        "infra_type": "information",
        "infra_class": "Information / landmark",
        "infra_category": "Information / landmark",
        "infra_name": "Robert Burns",
        "display_name": "Robert Burns",
        "gate_name": null,
        "gate_name_status": null,
        "needs_gate_name_review": "False",
        "snap_dist_m": 8.366822828449603,
        "index_right": 1,
        "grid_x": 1,
        "grid_y": 2,
        "grid_id": "12",
        "lat": 40.77015911755358,
        "lon": -73.97244702552925,
        "cell_seq": 20,
        "grid_node_code": "12020"
      },
      "geometry": {
        "type": "Point",
        "coordinates": [
          -73.97244702552925,
          40.77015911755358
        ]
      }
    },
    {
      "type": "Feature",
      "properties": {
        "node_id": "INF_0081",
        "node_type": "infrastructure",
        "node_subtype": "amenity:drinking_water",
        "degree": null,
        "source": "infrastructure",
        "source_edge": "E02994",
        "name": "Drinking Water",
        "notes": "useful_infrastructure; amenity:drinking_water",
        "display_group": "infrastructure",
        "display_color": "#17becf",
        "display_label": "Drinking water",
        "infra_field": "amenity",
        "infra_type": "drinking_water",
        "infra_class": "Drinking water",
        "infra_category": "Drinking water",
        "infra_name": "Drinking Water",
        "display_name": "Drinking Water",
        "gate_name": null,
        "gate_name_status": null,
        "needs_gate_name_review": "False",
        "snap_dist_m": 3.6254126705294034,
        "index_right": 1,
        "grid_x": 1,
        "grid_y": 2,
        "grid_id": "12",
        "lat": 40.770002180682,
        "lon": -73.97259666169012,
        "cell_seq": 24,
        "grid_node_code": "12024"
      },
      "geometry": {
        "type": "Point",
        "coordinates": [
          -73.97259666169012,
          40.770002180682
        ]
      }
    },
    {
      "type": "Feature",
      "properties": {
        "node_id": "INF_0024",
        "node_type": "infrastructure",
        "node_subtype": "tourism:artwork",
        "degree": null,
        "source": "infrastructure",
        "source_edge": "E03002",
        "name": "Christopher Columbus",
        "notes": "useful_infrastructure; tourism:artwork",
        "display_group": "infrastructure",
        "display_color": "#9467bd",
        "display_label": "Information / landmark",
        "infra_field": "tourism",
        "infra_type": "artwork",
        "infra_class": "Information / landmark",
        "infra_category": "Information / landmark",
        "infra_name": "Christopher Columbus",
        "display_name": "Christopher Columbus",
        "gate_name": null,
        "gate_name_status": null,
        "needs_gate_name_review": "False",
        "snap_dist_m": 3.545823796857976,
        "index_right": 1,
        "grid_x": 1,
        "grid_y": 2,
        "grid_id": "12",
        "lat": 40.769893263967646,
        "lon": -73.9727339159511,
        "cell_seq": 27,
        "grid_node_code": "12027"
      },
      "geometry": {
        "type": "Point",
        "coordinates": [
          -73.9727339159511,
          40.769893263967646
        ]
      }
    },
    {
      "type": "Feature",
      "properties": {
        "node_id": "INF_0348",
        "node_type": "infrastructure",
        "node_subtype": "tourism:artwork",
        "degree": null,
        "source": "infrastructure",
        "source_edge": "E02971",
        "name": "William Shakespeare",
        "notes": "useful_infrastructure; tourism:artwork",
        "display_group": "infrastructure",
        "display_color": "#9467bd",
        "display_label": "Information / landmark",
        "infra_field": "tourism",
        "infra_type": "artwork",
        "infra_class": "Information / landmark",
        "infra_category": "Information / landmark",
        "infra_name": "William Shakespeare",
        "display_name": "William Shakespeare",
        "gate_name": null,
        "gate_name_status": null,
        "needs_gate_name_review": "False",
        "snap_dist_m": 4.07469197126536,
        "index_right": 1,
        "grid_x": 1,
        "grid_y": 2,
        "grid_id": "12",
        "lat": 40.76981493099777,
        "lon": -73.97241362934946,
        "cell_seq": 30,
        "grid_node_code": "12030"
      },
      "geometry": {
        "type": "Point",
        "coordinates": [
          -73.97241362934946,
          40.76981493099777
        ]
      }
    },
    {
      "type": "Feature",
      "properties": {
        "node_id": "INF_0160",
        "node_type": "infrastructure",
        "node_subtype": "tourism:information",
        "degree": null,
        "source": "infrastructure",
        "source_edge": "E02963",
        "name": "Information",
        "notes": "useful_infrastructure; tourism:information",
        "display_group": "infrastructure",
        "display_color": "#9467bd",
        "display_label": "Information / landmark",
        "infra_field": "tourism",
        "infra_type": "information",
        "infra_class": "Information / landmark",
        "infra_category": "Information / landmark",
        "infra_name": "Information",
        "display_name": "Information",
        "gate_name": null,
        "gate_name_status": null,
        "needs_gate_name_review": "False",
        "snap_dist_m": 1.4056353523427063,
        "index_right": 1,
        "grid_x": 1,
        "grid_y": 2,
        "grid_id": "12",
        "lat": 40.76922342867439,
        "lon": -73.9737965810891,
        "cell_seq": 44,
        "grid_node_code": "12044"
      },
      "geometry": {
        "type": "Point",
        "coordinates": [
          -73.9737965810891,
          40.76922342867439
        ]
      }
    },
    {
      "type": "Feature",
      "properties": {
        "node_id": "INF_0271",
        "node_type": "infrastructure",
        "node_subtype": "tourism:information",
        "degree": null,
        "source": "infrastructure",
        "source_edge": "E02953",
        "name": "The Dairy (Visitor Center and Gift Shop)",
        "notes": "useful_infrastructure; tourism:information",
        "display_group": "infrastructure",
        "display_color": "#9467bd",
        "display_label": "Information / landmark",
        "infra_field": "tourism",
        "infra_type": "information",
        "infra_class": "Information / landmark",
        "infra_category": "Information / landmark",
        "infra_name": "The Dairy (Visitor Center and Gift Shop)",
        "display_name": "The Dairy (Visitor Center and Gift Shop)",
        "gate_name": null,
        "gate_name_status": null,
        "needs_gate_name_review": "False",
        "snap_dist_m": 4.487064830865045,
        "index_right": 1,
        "grid_x": 1,
        "grid_y": 2,
        "grid_id": "12",
        "lat": 40.76906046069354,
        "lon": -73.97372886156356,
        "cell_seq": 47,
        "grid_node_code": "12047"
      },
      "geometry": {
        "type": "Point",
        "coordinates": [
          -73.97372886156356,
          40.76906046069354
        ]
      }
    },
    {
      "type": "Feature",
      "properties": {
        "node_id": "INF_0263",
        "node_type": "infrastructure",
        "node_subtype": "tourism:attraction",
        "degree": null,
        "source": "infrastructure",
        "source_edge": "E06053",
        "name": "Snow Leopard",
        "notes": "useful_infrastructure; tourism:attraction",
        "display_group": "infrastructure",
        "display_color": "#9467bd",
        "display_label": "Information / landmark",
        "infra_field": "tourism",
        "infra_type": "attraction",
        "infra_class": "Information / landmark",
        "infra_category": "Information / landmark",
        "infra_name": "Snow Leopard",
        "display_name": "Snow Leopard",
        "gate_name": null,
        "gate_name_status": null,
        "needs_gate_name_review": "False",
        "snap_dist_m": 11.677482064327444,
        "index_right": 1,
        "grid_x": 1,
        "grid_y": 2,
        "grid_id": "12",
        "lat": 40.7685655,
        "lon": -73.9724386,
        "cell_seq": 51,
        "grid_node_code": "12051"
      },
      "geometry": {
        "type": "Point",
        "coordinates": [
          -73.9724386,
          40.7685655
        ]
      }
    },
    {
      "type": "Feature",
      "properties": {
        "node_id": "INF_0244",
        "node_type": "infrastructure",
        "node_subtype": "tourism:attraction",
        "degree": null,
        "source": "infrastructure",
        "source_edge": "E06057",
        "name": "Red Panda",
        "notes": "useful_infrastructure; tourism:attraction",
        "display_group": "infrastructure",
        "display_color": "#9467bd",
        "display_label": "Information / landmark",
        "infra_field": "tourism",
        "infra_type": "attraction",
        "infra_class": "Information / landmark",
        "infra_category": "Information / landmark",
        "infra_name": "Red Panda",
        "display_name": "Red Panda",
        "gate_name": null,
        "gate_name_status": null,
        "needs_gate_name_review": "False",
        "snap_dist_m": 18.898582323500708,
        "index_right": 1,
        "grid_x": 1,
        "grid_y": 2,
        "grid_id": "12",
        "lat": 40.76835333153157,
        "lon": -73.97257608595088,
        "cell_seq": 54,
        "grid_node_code": "12054"
      },
      "geometry": {
        "type": "Point",
        "coordinates": [
          -73.97257608595088,
          40.76835333153157
        ]
      }
    },
    {
      "type": "Feature",
      "properties": {
        "node_id": "INF_0300",
        "node_type": "infrastructure",
        "node_subtype": "tourism:attraction",
        "degree": null,
        "source": "infrastructure",
        "source_edge": "E06038",
        "name": "Tortoise",
        "notes": "useful_infrastructure; tourism:attraction",
        "display_group": "infrastructure",
        "display_color": "#9467bd",
        "display_label": "Information / landmark",
        "infra_field": "tourism",
        "infra_type": "attraction",
        "infra_class": "Information / landmark",
        "infra_category": "Information / landmark",
        "infra_name": "Tortoise",
        "display_name": "Tortoise",
        "gate_name": null,
        "gate_name_status": null,
        "needs_gate_name_review": "False",
        "snap_dist_m": 8.047909047554233,
        "index_right": 1,
        "grid_x": 1,
        "grid_y": 2,
        "grid_id": "12",
        "lat": 40.76792575218526,
        "lon": -73.97276705924554,
        "cell_seq": 63,
        "grid_node_code": "12063"
      },
      "geometry": {
        "type": "Point",
        "coordinates": [
          -73.97276705924554,
          40.76792575218526
        ]
      }
    },
    {
      "type": "Feature",
      "properties": {
        "node_id": "INF_0132",
        "node_type": "infrastructure",
        "node_subtype": "tourism:attraction",
        "degree": null,
        "source": "infrastructure",
        "source_edge": "E06095",
        "name": "Gapstow Bridge",
        "notes": "useful_infrastructure; tourism:attraction",
        "display_group": "infrastructure",
        "display_color": "#9467bd",
        "display_label": "Information / landmark",
        "infra_field": "tourism",
        "infra_type": "attraction",
        "infra_class": "Information / landmark",
        "infra_category": "Information / landmark",
        "infra_name": "Gapstow Bridge",
        "display_name": "Gapstow Bridge",
        "gate_name": null,
        "gate_name_status": null,
        "needs_gate_name_review": "False",
        "snap_dist_m": 0.050600873836560915,
        "index_right": 1,
        "grid_x": 1,
        "grid_y": 2,
        "grid_id": "12",
        "lat": 40.76692789385255,
        "lon": -73.97382982057637,
        "cell_seq": 80,
        "grid_node_code": "12080"
      },
      "geometry": {
        "type": "Point",
        "coordinates": [
          -73.97382982057637,
          40.76692789385255
        ]
      }
    },
    {
      "type": "Feature",
      "properties": {
        "node_id": "INF_0172",
        "node_type": "infrastructure",
        "node_subtype": "tourism:artwork",
        "degree": null,
        "source": "infrastructure",
        "source_edge": "E00933",
        "name": "Jos\u00e9 Mart\u00ed",
        "notes": "useful_infrastructure; tourism:artwork",
        "display_group": "infrastructure",
        "display_color": "#9467bd",
        "display_label": "Information / landmark",
        "infra_field": "tourism",
        "infra_type": "artwork",
        "infra_class": "Information / landmark",
        "infra_category": "Information / landmark",
        "infra_name": "Jos\u00e9 Mart\u00ed",
        "display_name": "Jos\u00e9 Mart\u00ed",
        "gate_name": null,
        "gate_name_status": null,
        "needs_gate_name_review": "False",
        "snap_dist_m": 4.689396077069648,
        "index_right": 1,
        "grid_x": 1,
        "grid_y": 2,
        "grid_id": "12",
        "lat": 40.766034189313466,
        "lon": -73.97611976527725,
        "cell_seq": 94,
        "grid_node_code": "12094"
      },
      "geometry": {
        "type": "Point",
        "coordinates": [
          -73.97611976527725,
          40.766034189313466
        ]
      }
    },
    {
      "type": "Feature",
      "properties": {
        "node_id": "INF_0258",
        "node_type": "infrastructure",
        "node_subtype": "tourism:artwork",
        "degree": null,
        "source": "infrastructure",
        "source_edge": "E09426",
        "name": "Sim\u00f3n Bol\u00edvar",
        "notes": "useful_infrastructure; tourism:artwork",
        "display_group": "infrastructure",
        "display_color": "#9467bd",
        "display_label": "Information / landmark",
        "infra_field": "tourism",
        "infra_type": "artwork",
        "infra_class": "Information / landmark",
        "infra_category": "Information / landmark",
        "infra_name": "Sim\u00f3n Bol\u00edvar",
        "display_name": "Sim\u00f3n Bol\u00edvar",
        "gate_name": null,
        "gate_name_status": null,
        "needs_gate_name_review": "False",
        "snap_dist_m": 6.938296312714499,
        "index_right": 1,
        "grid_x": 1,
        "grid_y": 2,
        "grid_id": "12",
        "lat": 40.76565389409751,
        "lon": -73.9758189859304,
        "cell_seq": 98,
        "grid_node_code": "12098"
      },
      "geometry": {
        "type": "Point",
        "coordinates": [
          -73.9758189859304,
          40.76565389409751
        ]
      }
    },
    {
      "type": "Feature",
      "properties": {
        "node_id": "INF_0103",
        "node_type": "infrastructure",
        "node_subtype": "amenity:drinking_water",
        "degree": null,
        "source": "infrastructure",
        "source_edge": "E00957",
        "name": "Drinking Water",
        "notes": "useful_infrastructure; amenity:drinking_water",
        "display_group": "infrastructure",
        "display_color": "#17becf",
        "display_label": "Drinking water",
        "infra_field": "amenity",
        "infra_type": "drinking_water",
        "infra_class": "Drinking water",
        "infra_category": "Drinking water",
        "infra_name": "Drinking Water",
        "display_name": "Drinking Water",
        "gate_name": null,
        "gate_name_status": null,
        "needs_gate_name_review": "False",
        "snap_dist_m": 7.349176936368756,
        "index_right": 1,
        "grid_x": 1,
        "grid_y": 2,
        "grid_id": "12",
        "lat": 40.76556373311143,
        "lon": -73.97507645397675,
        "cell_seq": 99,
        "grid_node_code": "12099"
      },
      "geometry": {
        "type": "Point",
        "coordinates": [
          -73.97507645397675,
          40.76556373311143
        ]
      }
    },
    {
      "type": "Feature",
      "properties": {
        "node_id": "INF_0125",
        "node_type": "infrastructure",
        "node_subtype": "tourism:artwork",
        "degree": null,
        "source": "infrastructure",
        "source_edge": "E08996",
        "name": "Eagles and Prey",
        "notes": "useful_infrastructure; tourism:artwork",
        "display_group": "infrastructure",
        "display_color": "#9467bd",
        "display_label": "Information / landmark",
        "infra_field": "tourism",
        "infra_type": "artwork",
        "infra_class": "Information / landmark",
        "infra_category": "Information / landmark",
        "infra_name": "Eagles and Prey",
        "display_name": "Eagles and Prey",
        "gate_name": null,
        "gate_name_status": null,
        "needs_gate_name_review": "False",
        "snap_dist_m": 5.998479332550417,
        "index_right": 2,
        "grid_x": 1,
        "grid_y": 3,
        "grid_id": "13",
        "lat": 40.77247500781549,
        "lon": -73.97246209530613,
        "cell_seq": 3,
        "grid_node_code": "13003"
      },
      "geometry": {
        "type": "Point",
        "coordinates": [
          -73.97246209530613,
          40.77247500781549
        ]
      }
    },
    {
      "type": "Feature",
      "properties": {
        "node_id": "INF_0067",
        "node_type": "infrastructure",
        "node_subtype": "amenity:drinking_water",
        "degree": null,
        "source": "infrastructure",
        "source_edge": "E09005",
        "name": "Drinking Water",
        "notes": "useful_infrastructure; amenity:drinking_water",
        "display_group": "infrastructure",
        "display_color": "#17becf",
        "display_label": "Drinking water",
        "infra_field": "amenity",
        "infra_type": "drinking_water",
        "infra_class": "Drinking water",
        "infra_category": "Drinking water",
        "infra_name": "Drinking Water",
        "display_name": "Drinking Water",
        "gate_name": null,
        "gate_name_status": null,
        "needs_gate_name_review": "False",
        "snap_dist_m": 2.8223448078795665,
        "index_right": 2,
        "grid_x": 1,
        "grid_y": 3,
        "grid_id": "13",
        "lat": 40.77247317862953,
        "lon": -73.9720410413183,
        "cell_seq": 4,
        "grid_node_code": "13004"
      },
      "geometry": {
        "type": "Point",
        "coordinates": [
          -73.9720410413183,
          40.77247317862953
        ]
      }
    },
    {
      "type": "Feature",
      "properties": {
        "node_id": "INF_0304",
        "node_type": "infrastructure",
        "node_subtype": "barrier:gate",
        "degree": null,
        "source": "infrastructure",
        "source_edge": "E07922",
        "name": "Unnamed gate",
        "notes": "useful_infrastructure; barrier:gate",
        "display_group": "infrastructure",
        "display_color": "#7f7f7f",
        "display_label": "Entrance / gate",
        "infra_field": "barrier",
        "infra_type": "gate",
        "infra_class": "Entrance / gate",
        "infra_category": "Entrance / gate",
        "infra_name": "Unnamed gate",
        "display_name": "Unnamed gate",
        "gate_name": null,
        "gate_name_status": "missing_name",
        "needs_gate_name_review": "True",
        "snap_dist_m": 0.0,
        "index_right": 2,
        "grid_x": 1,
        "grid_y": 3,
        "grid_id": "13",
        "lat": 40.771676,
        "lon": -73.9733886,
        "cell_seq": 11,
        "grid_node_code": "13011"
      },
      "geometry": {
        "type": "Point",
        "coordinates": [
          -73.9733886,
          40.771676
        ]
      }
    },
    {
      "type": "Feature",
      "properties": {
        "node_id": "INF_0210",
        "node_type": "infrastructure",
        "node_subtype": "leisure:pitch",
        "degree": null,
        "source": "infrastructure",
        "source_edge": "E06898",
        "name": "Pitch",
        "notes": "useful_infrastructure; leisure:pitch",
        "display_group": "infrastructure",
        "display_color": "#e377c2",
        "display_label": "Recreation",
        "infra_field": "leisure",
        "infra_type": "pitch",
        "infra_class": "Recreation",
        "infra_category": "Recreation",
        "infra_name": "Pitch",
        "display_name": "Pitch",
        "gate_name": null,
        "gate_name_status": null,
        "needs_gate_name_review": "False",
        "snap_dist_m": 8.81189329060386,
        "index_right": 2,
        "grid_x": 1,
        "grid_y": 3,
        "grid_id": "13",
        "lat": 40.77089702724956,
        "lon": -73.97351875100503,
        "cell_seq": 13,
        "grid_node_code": "13013"
      },
      "geometry": {
        "type": "Point",
        "coordinates": [
          -73.97351875100503,
          40.77089702724956
        ]
      }
    },
    {
      "type": "Feature",
      "properties": {
        "node_id": "INF_0148",
        "node_type": "infrastructure",
        "node_subtype": "leisure:pitch",
        "degree": null,
        "source": "infrastructure",
        "source_edge": "E06711",
        "name": "Heckscher Ballfield 1",
        "notes": "useful_infrastructure; leisure:pitch",
        "display_group": "infrastructure",
        "display_color": "#e377c2",
        "display_label": "Recreation",
        "infra_field": "leisure",
        "infra_type": "pitch",
        "infra_class": "Recreation",
        "infra_category": "Recreation",
        "infra_name": "Heckscher Ballfield 1",
        "display_name": "Heckscher Ballfield 1",
        "gate_name": null,
        "gate_name_status": null,
        "needs_gate_name_review": "False",
        "snap_dist_m": 23.07571385543145,
        "index_right": 2,
        "grid_x": 1,
        "grid_y": 3,
        "grid_id": "13",
        "lat": 40.76987017909033,
        "lon": -73.97583224726168,
        "cell_seq": 27,
        "grid_node_code": "13027"
      },
      "geometry": {
        "type": "Point",
        "coordinates": [
          -73.97583224726168,
          40.76987017909033
        ]
      }
    },
    {
      "type": "Feature",
      "properties": {
        "node_id": "INF_0019",
        "node_type": "infrastructure",
        "node_subtype": "tourism:attraction",
        "degree": null,
        "source": "infrastructure",
        "source_edge": "E12247",
        "name": "Central Park Carousel",
        "notes": "useful_infrastructure; tourism:attraction",
        "display_group": "infrastructure",
        "display_color": "#9467bd",
        "display_label": "Information / landmark",
        "infra_field": "tourism",
        "infra_type": "attraction",
        "infra_class": "Information / landmark",
        "infra_category": "Information / landmark",
        "infra_name": "Central Park Carousel",
        "display_name": "Central Park Carousel",
        "gate_name": null,
        "gate_name_status": null,
        "needs_gate_name_review": "False",
        "snap_dist_m": 13.880538759512358,
        "index_right": 2,
        "grid_x": 1,
        "grid_y": 3,
        "grid_id": "13",
        "lat": 40.7698618,
        "lon": -73.9751221,
        "cell_seq": 28,
        "grid_node_code": "13028"
      },
      "geometry": {
        "type": "Point",
        "coordinates": [
          -73.9751221,
          40.7698618
        ]
      }
    },
    {
      "type": "Feature",
      "properties": {
        "node_id": "INF_0155",
        "node_type": "infrastructure",
        "node_subtype": "leisure:playground",
        "degree": null,
        "source": "infrastructure",
        "source_edge": "E06359",
        "name": "Hecksher Playground",
        "notes": "useful_infrastructure; leisure:playground",
        "display_group": "infrastructure",
        "display_color": "#e377c2",
        "display_label": "Recreation",
        "infra_field": "leisure",
        "infra_type": "playground",
        "infra_class": "Recreation",
        "infra_category": "Recreation",
        "infra_name": "Hecksher Playground",
        "display_name": "Hecksher Playground",
        "gate_name": null,
        "gate_name_status": null,
        "needs_gate_name_review": "False",
        "snap_dist_m": 54.17348589583001,
        "index_right": 2,
        "grid_x": 1,
        "grid_y": 3,
        "grid_id": "13",
        "lat": 40.76832291441329,
        "lon": -73.97682072827689,
        "cell_seq": 56,
        "grid_node_code": "13056"
      },
      "geometry": {
        "type": "Point",
        "coordinates": [
          -73.97682072827689,
          40.76832291441329
        ]
      }
    },
    {
      "type": "Feature",
      "properties": {
        "node_id": "INF_0330",
        "node_type": "infrastructure",
        "node_subtype": "entrance:yes",
        "degree": null,
        "source": "infrastructure",
        "source_edge": "E06360",
        "name": "Unnamed yes entrance",
        "notes": "useful_infrastructure; entrance:yes",
        "display_group": "infrastructure",
        "display_color": "#7f7f7f",
        "display_label": "Entrance / gate",
        "infra_field": "entrance",
        "infra_type": "yes",
        "infra_class": "Entrance / gate",
        "infra_category": "Entrance / gate",
        "infra_name": "Unnamed yes entrance",
        "display_name": "Unnamed yes entrance",
        "gate_name": null,
        "gate_name_status": "missing_name",
        "needs_gate_name_review": "True",
        "snap_dist_m": 29.434918738105907,
        "index_right": 2,
        "grid_x": 1,
        "grid_y": 3,
        "grid_id": "13",
        "lat": 40.76823419358191,
        "lon": -73.9769367395472,
        "cell_seq": 59,
        "grid_node_code": "13059"
      },
      "geometry": {
        "type": "Point",
        "coordinates": [
          -73.9769367395472,
          40.76823419358191
        ]
      }
    },
    {
      "type": "Feature",
      "properties": {
        "node_id": "INF_0296",
        "node_type": "infrastructure",
        "node_subtype": "amenity:toilets",
        "degree": null,
        "source": "infrastructure",
        "source_edge": "E06360",
        "name": "Toilets",
        "notes": "useful_infrastructure; amenity:toilets",
        "display_group": "infrastructure",
        "display_color": "#1f77b4",
        "display_label": "Restroom",
        "infra_field": "amenity",
        "infra_type": "toilets",
        "infra_class": "Restroom",
        "infra_category": "Restroom",
        "infra_name": "Toilets",
        "display_name": "Toilets",
        "gate_name": null,
        "gate_name_status": null,
        "needs_gate_name_review": "False",
        "snap_dist_m": 19.684125233972672,
        "index_right": 2,
        "grid_x": 1,
        "grid_y": 3,
        "grid_id": "13",
        "lat": 40.768232460059984,
        "lon": -73.97693920356002,
        "cell_seq": 60,
        "grid_node_code": "13060"
      },
      "geometry": {
        "type": "Point",
        "coordinates": [
          -73.97693920356002,
          40.768232460059984
        ]
      }
    },
    {
      "type": "Feature",
      "properties": {
        "node_id": "INF_0108",
        "node_type": "infrastructure",
        "node_subtype": "amenity:drinking_water",
        "degree": null,
        "source": "infrastructure",
        "source_edge": "E06360",
        "name": "Drinking Water",
        "notes": "useful_infrastructure; amenity:drinking_water",
        "display_group": "infrastructure",
        "display_color": "#17becf",
        "display_label": "Drinking water",
        "infra_field": "amenity",
        "infra_type": "drinking_water",
        "infra_class": "Drinking water",
        "infra_category": "Drinking water",
        "infra_name": "Drinking Water",
        "display_name": "Drinking Water",
        "gate_name": null,
        "gate_name_status": null,
        "needs_gate_name_review": "False",
        "snap_dist_m": 8.958393669792256,
        "index_right": 2,
        "grid_x": 1,
        "grid_y": 3,
        "grid_id": "13",
        "lat": 40.768216272320764,
        "lon": -73.97696221266001,
        "cell_seq": 61,
        "grid_node_code": "13061"
      },
      "geometry": {
        "type": "Point",
        "coordinates": [
          -73.97696221266001,
          40.768216272320764
        ]
      }
    },
    {
      "type": "Feature",
      "properties": {
        "node_id": "INF_0031",
        "node_type": "infrastructure",
        "node_subtype": "amenity:drinking_water",
        "degree": null,
        "source": "infrastructure",
        "source_edge": "E06209",
        "name": "Drinking Water",
        "notes": "useful_infrastructure; amenity:drinking_water",
        "display_group": "infrastructure",
        "display_color": "#17becf",
        "display_label": "Drinking water",
        "infra_field": "amenity",
        "infra_type": "drinking_water",
        "infra_class": "Drinking water",
        "infra_category": "Drinking water",
        "infra_name": "Drinking Water",
        "display_name": "Drinking Water",
        "gate_name": null,
        "gate_name_status": null,
        "needs_gate_name_review": "False",
        "snap_dist_m": 0.014736352282221914,
        "index_right": 2,
        "grid_x": 1,
        "grid_y": 3,
        "grid_id": "13",
        "lat": 40.76761337889798,
        "lon": -73.97601915959395,
        "cell_seq": 64,
        "grid_node_code": "13064"
      },
      "geometry": {
        "type": "Point",
        "coordinates": [
          -73.97601915959395,
          40.76761337889798
        ]
      }
    },
    {
      "type": "Feature",
      "properties": {
        "node_id": "INF_0110",
        "node_type": "infrastructure",
        "node_subtype": "amenity:drinking_water",
        "degree": null,
        "source": "infrastructure",
        "source_edge": "E00339",
        "name": "Drinking Water",
        "notes": "useful_infrastructure; amenity:drinking_water",
        "display_group": "infrastructure",
        "display_color": "#17becf",
        "display_label": "Drinking water",
        "infra_field": "amenity",
        "infra_type": "drinking_water",
        "infra_class": "Drinking water",
        "infra_category": "Drinking water",
        "infra_name": "Drinking Water",
        "display_name": "Drinking Water",
        "gate_name": null,
        "gate_name_status": null,
        "needs_gate_name_review": "False",
        "snap_dist_m": 10.515985130075892,
        "index_right": 2,
        "grid_x": 1,
        "grid_y": 3,
        "grid_id": "13",
        "lat": 40.76718582508905,
        "lon": -73.97703142958166,
        "cell_seq": 69,
        "grid_node_code": "13069"
      },
      "geometry": {
        "type": "Point",
        "coordinates": [
          -73.97703142958166,
          40.76718582508905
        ]
      }
    },
    {
      "type": "Feature",
      "properties": {
        "node_id": "INF_0026",
        "node_type": "infrastructure",
        "node_subtype": "amenity:shelter",
        "degree": null,
        "source": "infrastructure",
        "source_edge": "E12264",
        "name": "Cop Cot",
        "notes": "useful_infrastructure; amenity:shelter",
        "display_group": "infrastructure",
        "display_color": "#8c564b",
        "display_label": "Shelter",
        "infra_field": "amenity",
        "infra_type": "shelter",
        "infra_class": "Shelter",
        "infra_category": "Shelter",
        "infra_name": "Cop Cot",
        "display_name": "Cop Cot",
        "gate_name": null,
        "gate_name_status": null,
        "needs_gate_name_review": "False",
        "snap_dist_m": 5.699373755446776,
        "index_right": 2,
        "grid_x": 1,
        "grid_y": 3,
        "grid_id": "13",
        "lat": 40.7668784,
        "lon": -73.976502,
        "cell_seq": 72,
        "grid_node_code": "13072"
      },
      "geometry": {
        "type": "Point",
        "coordinates": [
          -73.976502,
          40.7668784
        ]
      }
    },
    {
      "type": "Feature",
      "properties": {
        "node_id": "INF_0173",
        "node_type": "infrastructure",
        "node_subtype": "tourism:artwork",
        "degree": null,
        "source": "infrastructure",
        "source_edge": "E06455",
        "name": "Jos\u00e9 de San Mart\u00edn",
        "notes": "useful_infrastructure; tourism:artwork",
        "display_group": "infrastructure",
        "display_color": "#9467bd",
        "display_label": "Information / landmark",
        "infra_field": "tourism",
        "infra_type": "artwork",
        "infra_class": "Information / landmark",
        "infra_category": "Information / landmark",
        "infra_name": "Jos\u00e9 de San Mart\u00edn",
        "display_name": "Jos\u00e9 de San Mart\u00edn",
        "gate_name": null,
        "gate_name_status": null,
        "needs_gate_name_review": "False",
        "snap_dist_m": 4.429895384093452,
        "index_right": 2,
        "grid_x": 1,
        "grid_y": 3,
        "grid_id": "13",
        "lat": 40.76600816626591,
        "lon": -73.97665593586429,
        "cell_seq": 83,
        "grid_node_code": "13083"
      },
      "geometry": {
        "type": "Point",
        "coordinates": [
          -73.97665593586429,
          40.76600816626591
        ]
      }
    },
    {
      "type": "Feature",
      "properties": {
        "node_id": "INF_0224",
        "node_type": "infrastructure",
        "node_subtype": "leisure:pitch",
        "degree": null,
        "source": "infrastructure",
        "source_edge": "E12059",
        "name": "Pitch",
        "notes": "useful_infrastructure; leisure:pitch",
        "display_group": "infrastructure",
        "display_color": "#e377c2",
        "display_label": "Recreation",
        "infra_field": "leisure",
        "infra_type": "pitch",
        "infra_class": "Recreation",
        "infra_category": "Recreation",
        "infra_name": "Pitch",
        "display_name": "Pitch",
        "gate_name": null,
        "gate_name_status": null,
        "needs_gate_name_review": "False",
        "snap_dist_m": 26.05874759745714,
        "index_right": 3,
        "grid_x": 1,
        "grid_y": 4,
        "grid_id": "14",
        "lat": 40.77338610028915,
        "lon": -73.97512741441314,
        "cell_seq": 2,
        "grid_node_code": "14002"
      },
      "geometry": {
        "type": "Point",
        "coordinates": [
          -73.97512741441314,
          40.77338610028915
        ]
      }
    },
    {
      "type": "Feature",
      "properties": {
        "node_id": "INF_0292",
        "node_type": "infrastructure",
        "node_subtype": "amenity:toilets",
        "degree": null,
        "source": "infrastructure",
        "source_edge": "E04050",
        "name": "Toilets",
        "notes": "useful_infrastructure; amenity:toilets",
        "display_group": "infrastructure",
        "display_color": "#1f77b4",
        "display_label": "Restroom",
        "infra_field": "amenity",
        "infra_type": "toilets",
        "infra_class": "Restroom",
        "infra_category": "Restroom",
        "infra_name": "Toilets",
        "display_name": "Toilets",
        "gate_name": null,
        "gate_name_status": null,
        "needs_gate_name_review": "False",
        "snap_dist_m": 12.206930662994182,
        "index_right": 3,
        "grid_x": 1,
        "grid_y": 4,
        "grid_id": "14",
        "lat": 40.77292585446909,
        "lon": -73.9745315029242,
        "cell_seq": 7,
        "grid_node_code": "14007"
      },
      "geometry": {
        "type": "Point",
        "coordinates": [
          -73.9745315029242,
          40.77292585446909
        ]
      }
    },
    {
      "type": "Feature",
      "properties": {
        "node_id": "INF_0175",
        "node_type": "infrastructure",
        "node_subtype": "amenity:cafe",
        "degree": null,
        "source": "infrastructure",
        "source_edge": "E04047",
        "name": "Le Pain Quotidien",
        "notes": "useful_infrastructure; amenity:cafe",
        "display_group": "infrastructure",
        "display_color": "#ff7f0e",
        "display_label": "Food / cafe",
        "infra_field": "amenity",
        "infra_type": "cafe",
        "infra_class": "Food / cafe",
        "infra_category": "Food / cafe",
        "infra_name": "Le Pain Quotidien",
        "display_name": "Le Pain Quotidien",
        "gate_name": null,
        "gate_name_status": null,
        "needs_gate_name_review": "False",
        "snap_dist_m": 8.822139337369789,
        "index_right": 3,
        "grid_x": 1,
        "grid_y": 4,
        "grid_id": "14",
        "lat": 40.7729171495482,
        "lon": -73.97426140767004,
        "cell_seq": 8,
        "grid_node_code": "14008"
      },
      "geometry": {
        "type": "Point",
        "coordinates": [
          -73.97426140767004,
          40.7729171495482
        ]
      }
    },
    {
      "type": "Feature",
      "properties": {
        "node_id": "INF_0153",
        "node_type": "infrastructure",
        "node_subtype": "leisure:pitch",
        "degree": null,
        "source": "infrastructure",
        "source_edge": "E01681",
        "name": "Heckscher Ballfield 6",
        "notes": "useful_infrastructure; leisure:pitch",
        "display_group": "infrastructure",
        "display_color": "#e377c2",
        "display_label": "Recreation",
        "infra_field": "leisure",
        "infra_type": "pitch",
        "infra_class": "Recreation",
        "infra_category": "Recreation",
        "infra_name": "Heckscher Ballfield 6",
        "display_name": "Heckscher Ballfield 6",
        "gate_name": null,
        "gate_name_status": null,
        "needs_gate_name_review": "False",
        "snap_dist_m": 24.833044456818612,
        "index_right": 3,
        "grid_x": 1,
        "grid_y": 4,
        "grid_id": "14",
        "lat": 40.77051292458567,
        "lon": -73.97638033131854,
        "cell_seq": 10,
        "grid_node_code": "14010"
      },
      "geometry": {
        "type": "Point",
        "coordinates": [
          -73.97638033131854,
          40.77051292458567
        ]
      }
    },
    {
      "type": "Feature",
      "properties": {
        "node_id": "INF_0154",
        "node_type": "infrastructure",
        "node_subtype": "leisure:pitch",
        "degree": null,
        "source": "infrastructure",
        "source_edge": "E01682",
        "name": "Heckscher Ballfields",
        "notes": "useful_infrastructure; leisure:pitch",
        "display_group": "infrastructure",
        "display_color": "#e377c2",
        "display_label": "Recreation",
        "infra_field": "leisure",
        "infra_type": "pitch",
        "infra_class": "Recreation",
        "infra_category": "Recreation",
        "infra_name": "Heckscher Ballfields",
        "display_name": "Heckscher Ballfields",
        "gate_name": null,
        "gate_name_status": null,
        "needs_gate_name_review": "False",
        "snap_dist_m": 58.721309810913596,
        "index_right": 3,
        "grid_x": 1,
        "grid_y": 4,
        "grid_id": "14",
        "lat": 40.770374211127105,
        "lon": -73.97625995324269,
        "cell_seq": 11,
        "grid_node_code": "14011"
      },
      "geometry": {
        "type": "Point",
        "coordinates": [
          -73.97625995324269,
          40.770374211127105
        ]
      }
    },
    {
      "type": "Feature",
      "properties": {
        "node_id": "INF_0010",
        "node_type": "infrastructure",
        "node_subtype": "amenity:cafe",
        "degree": null,
        "source": "infrastructure",
        "source_edge": "E13758",
        "name": "Ballfields Caf\u00e9",
        "notes": "useful_infrastructure; amenity:cafe",
        "display_group": "infrastructure",
        "display_color": "#ff7f0e",
        "display_label": "Food / cafe",
        "infra_field": "amenity",
        "infra_type": "cafe",
        "infra_class": "Food / cafe",
        "infra_category": "Food / cafe",
        "infra_name": "Ballfields Caf\u00e9",
        "display_name": "Ballfields Caf\u00e9",
        "gate_name": null,
        "gate_name_status": null,
        "needs_gate_name_review": "False",
        "snap_dist_m": 13.305838861455651,
        "index_right": 3,
        "grid_x": 1,
        "grid_y": 4,
        "grid_id": "14",
        "lat": 40.7703107,
        "lon": -73.9757467,
        "cell_seq": 13,
        "grid_node_code": "14013"
      },
      "geometry": {
        "type": "Point",
        "coordinates": [
          -73.9757467,
          40.7703107
        ]
      }
    },
    {
      "type": "Feature",
      "properties": {
        "node_id": "INF_0151",
        "node_type": "infrastructure",
        "node_subtype": "leisure:pitch",
        "degree": null,
        "source": "infrastructure",
        "source_edge": "E01651",
        "name": "Heckscher Ballfield 4",
        "notes": "useful_infrastructure; leisure:pitch",
        "display_group": "infrastructure",
        "display_color": "#e377c2",
        "display_label": "Recreation",
        "infra_field": "leisure",
        "infra_type": "pitch",
        "infra_class": "Recreation",
        "infra_category": "Recreation",
        "infra_name": "Heckscher Ballfield 4",
        "display_name": "Heckscher Ballfield 4",
        "gate_name": null,
        "gate_name_status": null,
        "needs_gate_name_review": "False",
        "snap_dist_m": 30.273038224710994,
        "index_right": 3,
        "grid_x": 1,
        "grid_y": 4,
        "grid_id": "14",
        "lat": 40.76987578550686,
        "lon": -73.97810148434215,
        "cell_seq": 15,
        "grid_node_code": "14015"
      },
      "geometry": {
        "type": "Point",
        "coordinates": [
          -73.97810148434215,
          40.76987578550686
        ]
      }
    },
    {
      "type": "Feature",
      "properties": {
        "node_id": "INF_0106",
        "node_type": "infrastructure",
        "node_subtype": "amenity:drinking_water",
        "degree": null,
        "source": "infrastructure",
        "source_edge": "E01650",
        "name": "Drinking Water",
        "notes": "useful_infrastructure; amenity:drinking_water",
        "display_group": "infrastructure",
        "display_color": "#17becf",
        "display_label": "Drinking water",
        "infra_field": "amenity",
        "infra_type": "drinking_water",
        "infra_class": "Drinking water",
        "infra_category": "Drinking water",
        "infra_name": "Drinking Water",
        "display_name": "Drinking Water",
        "gate_name": null,
        "gate_name_status": null,
        "needs_gate_name_review": "False",
        "snap_dist_m": 8.528080305179913,
        "index_right": 3,
        "grid_x": 1,
        "grid_y": 4,
        "grid_id": "14",
        "lat": 40.769785563816434,
        "lon": -73.97802621361842,
        "cell_seq": 16,
        "grid_node_code": "14016"
      },
      "geometry": {
        "type": "Point",
        "coordinates": [
          -73.97802621361842,
          40.769785563816434
        ]
      }
    },
    {
      "type": "Feature",
      "properties": {
        "node_id": "INF_0150",
        "node_type": "infrastructure",
        "node_subtype": "leisure:pitch",
        "degree": null,
        "source": "infrastructure",
        "source_edge": "E01631",
        "name": "Heckscher Ballfield 3",
        "notes": "useful_infrastructure; leisure:pitch",
        "display_group": "infrastructure",
        "display_color": "#e377c2",
        "display_label": "Recreation",
        "infra_field": "leisure",
        "infra_type": "pitch",
        "infra_class": "Recreation",
        "infra_category": "Recreation",
        "infra_name": "Heckscher Ballfield 3",
        "display_name": "Heckscher Ballfield 3",
        "gate_name": null,
        "gate_name_status": null,
        "needs_gate_name_review": "False",
        "snap_dist_m": 20.89942471107083,
        "index_right": 3,
        "grid_x": 1,
        "grid_y": 4,
        "grid_id": "14",
        "lat": 40.76960173987594,
        "lon": -73.97826055592748,
        "cell_seq": 18,
        "grid_node_code": "14018"
      },
      "geometry": {
        "type": "Point",
        "coordinates": [
          -73.97826055592748,
          40.76960173987594
        ]
      }
    },
    {
      "type": "Feature",
      "properties": {
        "node_id": "INF_0149",
        "node_type": "infrastructure",
        "node_subtype": "leisure:pitch",
        "degree": null,
        "source": "infrastructure",
        "source_edge": "E01647",
        "name": "Heckscher Ballfield 2",
        "notes": "useful_infrastructure; leisure:pitch",
        "display_group": "infrastructure",
        "display_color": "#e377c2",
        "display_label": "Recreation",
        "infra_field": "leisure",
        "infra_type": "pitch",
        "infra_class": "Recreation",
        "infra_category": "Recreation",
        "infra_name": "Heckscher Ballfield 2",
        "display_name": "Heckscher Ballfield 2",
        "gate_name": null,
        "gate_name_status": null,
        "needs_gate_name_review": "False",
        "snap_dist_m": 23.432819693537258,
        "index_right": 3,
        "grid_x": 1,
        "grid_y": 4,
        "grid_id": "14",
        "lat": 40.7694202,
        "lon": -73.977105,
        "cell_seq": 19,
        "grid_node_code": "14019"
      },
      "geometry": {
        "type": "Point",
        "coordinates": [
          -73.977105,
          40.7694202
        ]
      }
    },
    {
      "type": "Feature",
      "properties": {
        "node_id": "INF_0072",
        "node_type": "infrastructure",
        "node_subtype": "amenity:drinking_water",
        "degree": null,
        "source": "infrastructure",
        "source_edge": "E01648",
        "name": "Drinking Water",
        "notes": "useful_infrastructure; amenity:drinking_water",
        "display_group": "infrastructure",
        "display_color": "#17becf",
        "display_label": "Drinking water",
        "infra_field": "amenity",
        "infra_type": "drinking_water",
        "infra_class": "Drinking water",
        "infra_category": "Drinking water",
        "infra_name": "Drinking Water",
        "display_name": "Drinking Water",
        "gate_name": null,
        "gate_name_status": null,
        "needs_gate_name_review": "False",
        "snap_dist_m": 2.9831231126586477,
        "index_right": 3,
        "grid_x": 1,
        "grid_y": 4,
        "grid_id": "14",
        "lat": 40.769258582994496,
        "lon": -73.97693105379267,
        "cell_seq": 21,
        "grid_node_code": "14021"
      },
      "geometry": {
        "type": "Point",
        "coordinates": [
          -73.97693105379267,
          40.769258582994496
        ]
      }
    },
    {
      "type": "Feature",
      "properties": {
        "node_id": "INF_0121",
        "node_type": "infrastructure",
        "node_subtype": "amenity:drinking_water",
        "degree": null,
        "source": "infrastructure",
        "source_edge": "E06350",
        "name": "Drinking Water",
        "notes": "useful_infrastructure; amenity:drinking_water",
        "display_group": "infrastructure",
        "display_color": "#17becf",
        "display_label": "Drinking water",
        "infra_field": "amenity",
        "infra_type": "drinking_water",
        "infra_class": "Drinking water",
        "infra_category": "Drinking water",
        "infra_name": "Drinking Water",
        "display_name": "Drinking Water",
        "gate_name": null,
        "gate_name_status": null,
        "needs_gate_name_review": "False",
        "snap_dist_m": 30.164464702134662,
        "index_right": 3,
        "grid_x": 1,
        "grid_y": 4,
        "grid_id": "14",
        "lat": 40.76905165129022,
        "lon": -73.97671843681367,
        "cell_seq": 23,
        "grid_node_code": "14023"
      },
      "geometry": {
        "type": "Point",
        "coordinates": [
          -73.97671843681367,
          40.76905165129022
        ]
      }
    },
    {
      "type": "Feature",
      "properties": {
        "node_id": "INF_0123",
        "node_type": "infrastructure",
        "node_subtype": "amenity:drinking_water",
        "degree": null,
        "source": "infrastructure",
        "source_edge": "E06394",
        "name": "Drinking Water",
        "notes": "useful_infrastructure; amenity:drinking_water",
        "display_group": "infrastructure",
        "display_color": "#17becf",
        "display_label": "Drinking water",
        "infra_field": "amenity",
        "infra_type": "drinking_water",
        "infra_class": "Drinking water",
        "infra_category": "Drinking water",
        "infra_name": "Drinking Water",
        "display_name": "Drinking Water",
        "gate_name": null,
        "gate_name_status": null,
        "needs_gate_name_review": "False",
        "snap_dist_m": 34.70351710489107,
        "index_right": 3,
        "grid_x": 1,
        "grid_y": 4,
        "grid_id": "14",
        "lat": 40.76810314143065,
        "lon": -73.9777198790063,
        "cell_seq": 27,
        "grid_node_code": "14027"
      },
      "geometry": {
        "type": "Point",
        "coordinates": [
          -73.9777198790063,
          40.76810314143065
        ]
      }
    },
    {
      "type": "Feature",
      "properties": {
        "node_id": "INF_0001",
        "node_type": "infrastructure",
        "node_subtype": "tourism:artwork",
        "degree": null,
        "source": "infrastructure",
        "source_edge": "E05531",
        "name": "7th Regiment Memorial",
        "notes": "useful_infrastructure; tourism:artwork",
        "display_group": "infrastructure",
        "display_color": "#9467bd",
        "display_label": "Information / landmark",
        "infra_field": "tourism",
        "infra_type": "artwork",
        "infra_class": "Information / landmark",
        "infra_category": "Information / landmark",
        "infra_name": "7th Regiment Memorial",
        "display_name": "7th Regiment Memorial",
        "gate_name": null,
        "gate_name_status": null,
        "needs_gate_name_review": "False",
        "snap_dist_m": 16.250740049947087,
        "index_right": 4,
        "grid_x": 1,
        "grid_y": 5,
        "grid_id": "15",
        "lat": 40.7738991291297,
        "lon": -73.97637257296093,
        "cell_seq": 2,
        "grid_node_code": "15002"
      },
      "geometry": {
        "type": "Point",
        "coordinates": [
          -73.97637257296093,
          40.7738991291297
        ]
      }
    },
    {
      "type": "Feature",
      "properties": {
        "node_id": "INF_0222",
        "node_type": "infrastructure",
        "node_subtype": "leisure:pitch",
        "degree": null,
        "source": "infrastructure",
        "source_edge": "E08502",
        "name": "Pitch",
        "notes": "useful_infrastructure; leisure:pitch",
        "display_group": "infrastructure",
        "display_color": "#e377c2",
        "display_label": "Recreation",
        "infra_field": "leisure",
        "infra_type": "pitch",
        "infra_class": "Recreation",
        "infra_category": "Recreation",
        "infra_name": "Pitch",
        "display_name": "Pitch",
        "gate_name": null,
        "gate_name_status": null,
        "needs_gate_name_review": "False",
        "snap_dist_m": 22.001950140444386,
        "index_right": 4,
        "grid_x": 1,
        "grid_y": 5,
        "grid_id": "15",
        "lat": 40.7738258,
        "lon": -73.9752585,
        "cell_seq": 5,
        "grid_node_code": "15005"
      },
      "geometry": {
        "type": "Point",
        "coordinates": [
          -73.9752585,
          40.7738258
        ]
      }
    },
    {
      "type": "Feature",
      "properties": {
        "node_id": "INF_0036",
        "node_type": "infrastructure",
        "node_subtype": "amenity:drinking_water",
        "degree": null,
        "source": "infrastructure",
        "source_edge": "E08930",
        "name": "Drinking Water",
        "notes": "useful_infrastructure; amenity:drinking_water",
        "display_group": "infrastructure",
        "display_color": "#17becf",
        "display_label": "Drinking water",
        "infra_field": "amenity",
        "infra_type": "drinking_water",
        "infra_class": "Drinking water",
        "infra_category": "Drinking water",
        "infra_name": "Drinking Water",
        "display_name": "Drinking Water",
        "gate_name": null,
        "gate_name_status": null,
        "needs_gate_name_review": "False",
        "snap_dist_m": 0.8829690842360698,
        "index_right": 4,
        "grid_x": 1,
        "grid_y": 5,
        "grid_id": "15",
        "lat": 40.77371866595079,
        "lon": -73.97593099761023,
        "cell_seq": 9,
        "grid_node_code": "15009"
      },
      "geometry": {
        "type": "Point",
        "coordinates": [
          -73.97593099761023,
          40.77371866595079
        ]
      }
    },
    {
      "type": "Feature",
      "properties": {
        "node_id": "INF_0316",
        "node_type": "infrastructure",
        "node_subtype": "barrier:gate",
        "degree": null,
        "source": "infrastructure",
        "source_edge": "E08749",
        "name": "Unnamed gate",
        "notes": "useful_infrastructure; barrier:gate",
        "display_group": "infrastructure",
        "display_color": "#7f7f7f",
        "display_label": "Entrance / gate",
        "infra_field": "barrier",
        "infra_type": "gate",
        "infra_class": "Entrance / gate",
        "infra_category": "Entrance / gate",
        "infra_name": "Unnamed gate",
        "display_name": "Unnamed gate",
        "gate_name": null,
        "gate_name_status": "missing_name",
        "needs_gate_name_review": "True",
        "snap_dist_m": 7.728526480476453,
        "index_right": 4,
        "grid_x": 1,
        "grid_y": 5,
        "grid_id": "15",
        "lat": 40.773369139705636,
        "lon": -73.97721924622154,
        "cell_seq": 10,
        "grid_node_code": "15010"
      },
      "geometry": {
        "type": "Point",
        "coordinates": [
          -73.97721924622154,
          40.773369139705636
        ]
      }
    },
    {
      "type": "Feature",
      "properties": {
        "node_id": "INF_0003",
        "node_type": "infrastructure",
        "node_subtype": "leisure:playground",
        "degree": null,
        "source": "infrastructure",
        "source_edge": "E08749",
        "name": "Adventure Playground",
        "notes": "useful_infrastructure; leisure:playground",
        "display_group": "infrastructure",
        "display_color": "#e377c2",
        "display_label": "Recreation",
        "infra_field": "leisure",
        "infra_type": "playground",
        "infra_class": "Recreation",
        "infra_category": "Recreation",
        "infra_name": "Adventure Playground",
        "display_name": "Adventure Playground",
        "gate_name": null,
        "gate_name_status": null,
        "needs_gate_name_review": "False",
        "snap_dist_m": 23.317486101494847,
        "index_right": 4,
        "grid_x": 1,
        "grid_y": 5,
        "grid_id": "15",
        "lat": 40.7733086,
        "lon": -73.9772269,
        "cell_seq": 11,
        "grid_node_code": "15011"
      },
      "geometry": {
        "type": "Point",
        "coordinates": [
          -73.9772269,
          40.7733086
        ]
      }
    },
    {
      "type": "Feature",
      "properties": {
        "node_id": "INF_0267",
        "node_type": "infrastructure",
        "node_subtype": "leisure:playground",
        "degree": null,
        "source": "infrastructure",
        "source_edge": "E13614",
        "name": "Tarr-Coyne Tots Playground",
        "notes": "useful_infrastructure; leisure:playground",
        "display_group": "infrastructure",
        "display_color": "#e377c2",
        "display_label": "Recreation",
        "infra_field": "leisure",
        "infra_type": "playground",
        "infra_class": "Recreation",
        "infra_category": "Recreation",
        "infra_name": "Tarr-Coyne Tots Playground",
        "display_name": "Tarr-Coyne Tots Playground",
        "gate_name": null,
        "gate_name_status": null,
        "needs_gate_name_review": "False",
        "snap_dist_m": 10.749859955102815,
        "index_right": 4,
        "grid_x": 1,
        "grid_y": 5,
        "grid_id": "15",
        "lat": 40.7732154,
        "lon": -73.9770323,
        "cell_seq": 12,
        "grid_node_code": "15012"
      },
      "geometry": {
        "type": "Point",
        "coordinates": [
          -73.9770323,
          40.7732154
        ]
      }
    },
    {
      "type": "Feature",
      "properties": {
        "node_id": "INF_0134",
        "node_type": "infrastructure",
        "node_subtype": "tourism:artwork",
        "degree": null,
        "source": "infrastructure",
        "source_edge": "E08741",
        "name": "Giuseppe Mazzini",
        "notes": "useful_infrastructure; tourism:artwork",
        "display_group": "infrastructure",
        "display_color": "#9467bd",
        "display_label": "Information / landmark",
        "infra_field": "tourism",
        "infra_type": "artwork",
        "infra_class": "Information / landmark",
        "infra_category": "Information / landmark",
        "infra_name": "Giuseppe Mazzini",
        "display_name": "Giuseppe Mazzini",
        "gate_name": null,
        "gate_name_status": null,
        "needs_gate_name_review": "False",
        "snap_dist_m": 5.427684632547855,
        "index_right": 4,
        "grid_x": 1,
        "grid_y": 5,
        "grid_id": "15",
        "lat": 40.772995897360516,
        "lon": -73.97663220482038,
        "cell_seq": 16,
        "grid_node_code": "15016"
      },
      "geometry": {
        "type": "Point",
        "coordinates": [
          -73.97663220482038,
          40.772995897360516
        ]
      }
    },
    {
      "type": "Feature",
      "properties": {
        "node_id": "INF_0144",
        "node_type": "infrastructure",
        "node_subtype": "tourism:information",
        "degree": null,
        "source": "infrastructure",
        "source_edge": "E09294",
        "name": "Green Visitor Center & Gift Shop",
        "notes": "useful_infrastructure; tourism:information",
        "display_group": "infrastructure",
        "display_color": "#9467bd",
        "display_label": "Information / landmark",
        "infra_field": "tourism",
        "infra_type": "information",
        "infra_class": "Information / landmark",
        "infra_category": "Information / landmark",
        "infra_name": "Green Visitor Center & Gift Shop",
        "display_name": "Green Visitor Center & Gift Shop",
        "gate_name": null,
        "gate_name_status": null,
        "needs_gate_name_review": "False",
        "snap_dist_m": 40.240249318064706,
        "index_right": 4,
        "grid_x": 1,
        "grid_y": 5,
        "grid_id": "15",
        "lat": 40.7723568,
        "lon": -73.9773953,
        "cell_seq": 39,
        "grid_node_code": "15039"
      },
      "geometry": {
        "type": "Point",
        "coordinates": [
          -73.9773953,
          40.7723568
        ]
      }
    },
    {
      "type": "Feature",
      "properties": {
        "node_id": "INF_0269",
        "node_type": "infrastructure",
        "node_subtype": "amenity:restaurant",
        "degree": null,
        "source": "infrastructure",
        "source_edge": "E09294",
        "name": "Tavern on the Green",
        "notes": "useful_infrastructure; amenity:restaurant",
        "display_group": "infrastructure",
        "display_color": "#ff7f0e",
        "display_label": "Food / cafe",
        "infra_field": "amenity",
        "infra_type": "restaurant",
        "infra_class": "Food / cafe",
        "infra_category": "Food / cafe",
        "infra_name": "Tavern on the Green",
        "display_name": "Tavern on the Green",
        "gate_name": null,
        "gate_name_status": null,
        "needs_gate_name_review": "False",
        "snap_dist_m": 24.62896939134224,
        "index_right": 4,
        "grid_x": 1,
        "grid_y": 5,
        "grid_id": "15",
        "lat": 40.7723568,
        "lon": -73.9773953,
        "cell_seq": 40,
        "grid_node_code": "15040"
      },
      "geometry": {
        "type": "Point",
        "coordinates": [
          -73.9773953,
          40.7723568
        ]
      }
    },
    {
      "type": "Feature",
      "properties": {
        "node_id": "INF_0270",
        "node_type": "infrastructure",
        "node_subtype": "amenity:toilets",
        "degree": null,
        "source": "infrastructure",
        "source_edge": "E09421",
        "name": "Tavern on the Green public restrooms",
        "notes": "useful_infrastructure; amenity:toilets",
        "display_group": "infrastructure",
        "display_color": "#1f77b4",
        "display_label": "Restroom",
        "infra_field": "amenity",
        "infra_type": "toilets",
        "infra_class": "Restroom",
        "infra_category": "Restroom",
        "infra_name": "Tavern on the Green public restrooms",
        "display_name": "Tavern on the Green public restrooms",
        "gate_name": null,
        "gate_name_status": null,
        "needs_gate_name_review": "False",
        "snap_dist_m": 2.181317441985492,
        "index_right": 4,
        "grid_x": 1,
        "grid_y": 5,
        "grid_id": "15",
        "lat": 40.7722557,
        "lon": -73.9772587,
        "cell_seq": 41,
        "grid_node_code": "15041"
      },
      "geometry": {
        "type": "Point",
        "coordinates": [
          -73.9772587,
          40.77225569999999
        ]
      }
    },
    {
      "type": "Feature",
      "properties": {
        "node_id": "INF_0090",
        "node_type": "infrastructure",
        "node_subtype": "amenity:drinking_water",
        "degree": null,
        "source": "infrastructure",
        "source_edge": "E06280",
        "name": "Drinking Water",
        "notes": "useful_infrastructure; amenity:drinking_water",
        "display_group": "infrastructure",
        "display_color": "#17becf",
        "display_label": "Drinking water",
        "infra_field": "amenity",
        "infra_type": "drinking_water",
        "infra_class": "Drinking water",
        "infra_category": "Drinking water",
        "infra_name": "Drinking Water",
        "display_name": "Drinking Water",
        "gate_name": null,
        "gate_name_status": null,
        "needs_gate_name_review": "False",
        "snap_dist_m": 4.739053354104607,
        "index_right": 4,
        "grid_x": 1,
        "grid_y": 5,
        "grid_id": "15",
        "lat": 40.771747901908675,
        "lon": -73.97690415480984,
        "cell_seq": 52,
        "grid_node_code": "15052"
      },
      "geometry": {
        "type": "Point",
        "coordinates": [
          -73.97690415480984,
          40.771747901908675
        ]
      }
    },
    {
      "type": "Feature",
      "properties": {
        "node_id": "INF_0066",
        "node_type": "infrastructure",
        "node_subtype": "amenity:drinking_water",
        "degree": null,
        "source": "infrastructure",
        "source_edge": "E06556",
        "name": "Drinking Water",
        "notes": "useful_infrastructure; amenity:drinking_water",
        "display_group": "infrastructure",
        "display_color": "#17becf",
        "display_label": "Drinking water",
        "infra_field": "amenity",
        "infra_type": "drinking_water",
        "infra_class": "Drinking water",
        "infra_category": "Drinking water",
        "infra_name": "Drinking Water",
        "display_name": "Drinking Water",
        "gate_name": null,
        "gate_name_status": null,
        "needs_gate_name_review": "False",
        "snap_dist_m": 2.8110510706737166,
        "index_right": 4,
        "grid_x": 1,
        "grid_y": 5,
        "grid_id": "15",
        "lat": 40.77147679864272,
        "lon": -73.97768678519985,
        "cell_seq": 57,
        "grid_node_code": "15057"
      },
      "geometry": {
        "type": "Point",
        "coordinates": [
          -73.97768678519985,
          40.77147679864272
        ]
      }
    },
    {
      "type": "Feature",
      "properties": {
        "node_id": "INF_0152",
        "node_type": "infrastructure",
        "node_subtype": "leisure:pitch",
        "degree": null,
        "source": "infrastructure",
        "source_edge": "E01660",
        "name": "Heckscher Ballfield 5",
        "notes": "useful_infrastructure; leisure:pitch",
        "display_group": "infrastructure",
        "display_color": "#e377c2",
        "display_label": "Recreation",
        "infra_field": "leisure",
        "infra_type": "pitch",
        "infra_class": "Recreation",
        "infra_category": "Recreation",
        "infra_name": "Heckscher Ballfield 5",
        "display_name": "Heckscher Ballfield 5",
        "gate_name": null,
        "gate_name_status": null,
        "needs_gate_name_review": "False",
        "snap_dist_m": 33.538339972335905,
        "index_right": 4,
        "grid_x": 1,
        "grid_y": 5,
        "grid_id": "15",
        "lat": 40.77091185256376,
        "lon": -73.97762727622559,
        "cell_seq": 61,
        "grid_node_code": "15061"
      },
      "geometry": {
        "type": "Point",
        "coordinates": [
          -73.97762727622559,
          40.77091185256376
        ]
      }
    },
    {
      "type": "Feature",
      "properties": {
        "node_id": "INF_0291",
        "node_type": "infrastructure",
        "node_subtype": "amenity:toilets",
        "degree": null,
        "source": "infrastructure",
        "source_edge": "E06740",
        "name": "Toilets",
        "notes": "useful_infrastructure; amenity:toilets",
        "display_group": "infrastructure",
        "display_color": "#1f77b4",
        "display_label": "Restroom",
        "infra_field": "amenity",
        "infra_type": "toilets",
        "infra_class": "Restroom",
        "infra_category": "Restroom",
        "infra_name": "Toilets",
        "display_name": "Toilets",
        "gate_name": null,
        "gate_name_status": null,
        "needs_gate_name_review": "False",
        "snap_dist_m": 12.144805627739167,
        "index_right": 4,
        "grid_x": 1,
        "grid_y": 5,
        "grid_id": "15",
        "lat": 40.7691333,
        "lon": -73.9806684,
        "cell_seq": 86,
        "grid_node_code": "15086"
      },
      "geometry": {
        "type": "Point",
        "coordinates": [
          -73.9806684,
          40.7691333
        ]
      }
    },
    {
      "type": "Feature",
      "properties": {
        "node_id": "INF_0089",
        "node_type": "infrastructure",
        "node_subtype": "amenity:drinking_water",
        "degree": null,
        "source": "infrastructure",
        "source_edge": "E06741",
        "name": "Drinking Water",
        "notes": "useful_infrastructure; amenity:drinking_water",
        "display_group": "infrastructure",
        "display_color": "#17becf",
        "display_label": "Drinking water",
        "infra_field": "amenity",
        "infra_type": "drinking_water",
        "infra_class": "Drinking water",
        "infra_category": "Drinking water",
        "infra_name": "Drinking Water",
        "display_name": "Drinking Water",
        "gate_name": null,
        "gate_name_status": null,
        "needs_gate_name_review": "False",
        "snap_dist_m": 4.633536787039591,
        "index_right": 4,
        "grid_x": 1,
        "grid_y": 5,
        "grid_id": "15",
        "lat": 40.769073774582324,
        "lon": -73.98070167533537,
        "cell_seq": 88,
        "grid_node_code": "15088"
      },
      "geometry": {
        "type": "Point",
        "coordinates": [
          -73.98070167533537,
          40.769073774582324
        ]
      }
    },
    {
      "type": "Feature",
      "properties": {
        "node_id": "INF_0087",
        "node_type": "infrastructure",
        "node_subtype": "amenity:drinking_water",
        "degree": null,
        "source": "infrastructure",
        "source_edge": "E06824",
        "name": "Drinking Water",
        "notes": "useful_infrastructure; amenity:drinking_water",
        "display_group": "infrastructure",
        "display_color": "#17becf",
        "display_label": "Drinking water",
        "infra_field": "amenity",
        "infra_type": "drinking_water",
        "infra_class": "Drinking water",
        "infra_category": "Drinking water",
        "infra_name": "Drinking Water",
        "display_name": "Drinking Water",
        "gate_name": null,
        "gate_name_status": null,
        "needs_gate_name_review": "False",
        "snap_dist_m": 4.145290252330771,
        "index_right": 4,
        "grid_x": 1,
        "grid_y": 5,
        "grid_id": "15",
        "lat": 40.76840572141148,
        "lon": -73.98105047857013,
        "cell_seq": 94,
        "grid_node_code": "15094"
      },
      "geometry": {
        "type": "Point",
        "coordinates": [
          -73.98105047857013,
          40.76840572141148
        ]
      }
    },
    {
      "type": "Feature",
      "properties": {
        "node_id": "INF_0093",
        "node_type": "infrastructure",
        "node_subtype": "amenity:drinking_water",
        "degree": null,
        "source": "infrastructure",
        "source_edge": "E06855",
        "name": "Drinking Water",
        "notes": "useful_infrastructure; amenity:drinking_water",
        "display_group": "infrastructure",
        "display_color": "#17becf",
        "display_label": "Drinking water",
        "infra_field": "amenity",
        "infra_type": "drinking_water",
        "infra_class": "Drinking water",
        "infra_category": "Drinking water",
        "infra_name": "Drinking Water",
        "display_name": "Drinking Water",
        "gate_name": null,
        "gate_name_status": null,
        "needs_gate_name_review": "False",
        "snap_dist_m": 5.307745577189361,
        "index_right": 4,
        "grid_x": 1,
        "grid_y": 5,
        "grid_id": "15",
        "lat": 40.76808503349282,
        "lon": -73.9809452203435,
        "cell_seq": 97,
        "grid_node_code": "15097"
      },
      "geometry": {
        "type": "Point",
        "coordinates": [
          -73.9809452203435,
          40.76808503349282
        ]
      }
    },
    {
      "type": "Feature",
      "properties": {
        "node_id": "INF_0063",
        "node_type": "infrastructure",
        "node_subtype": "amenity:drinking_water",
        "degree": null,
        "source": "infrastructure",
        "source_edge": "E05877",
        "name": "Drinking Water",
        "notes": "useful_infrastructure; amenity:drinking_water",
        "display_group": "infrastructure",
        "display_color": "#17becf",
        "display_label": "Drinking water",
        "infra_field": "amenity",
        "infra_type": "drinking_water",
        "infra_class": "Drinking water",
        "infra_category": "Drinking water",
        "infra_name": "Drinking Water",
        "display_name": "Drinking Water",
        "gate_name": null,
        "gate_name_status": null,
        "needs_gate_name_review": "False",
        "snap_dist_m": 2.646483467718121,
        "index_right": 5,
        "grid_x": 2,
        "grid_y": 1,
        "grid_id": "21",
        "lat": 40.77762681888622,
        "lon": -73.9651527906083,
        "cell_seq": 2,
        "grid_node_code": "21002"
      },
      "geometry": {
        "type": "Point",
        "coordinates": [
          -73.9651527906083,
          40.77762681888622
        ]
      }
    },
    {
      "type": "Feature",
      "properties": {
        "node_id": "INF_0124",
        "node_type": "infrastructure",
        "node_subtype": "amenity:drinking_water",
        "degree": null,
        "source": "infrastructure",
        "source_edge": "E05910",
        "name": "Drinking Water",
        "notes": "useful_infrastructure; amenity:drinking_water",
        "display_group": "infrastructure",
        "display_color": "#17becf",
        "display_label": "Drinking water",
        "infra_field": "amenity",
        "infra_type": "drinking_water",
        "infra_class": "Drinking water",
        "infra_category": "Drinking water",
        "infra_name": "Drinking Water",
        "display_name": "Drinking Water",
        "gate_name": null,
        "gate_name_status": null,
        "needs_gate_name_review": "False",
        "snap_dist_m": 45.17705227353684,
        "index_right": 5,
        "grid_x": 2,
        "grid_y": 1,
        "grid_id": "21",
        "lat": 40.77699899419282,
        "lon": -73.96428257632745,
        "cell_seq": 5,
        "grid_node_code": "21005"
      },
      "geometry": {
        "type": "Point",
        "coordinates": [
          -73.96428257632745,
          40.77699899419282
        ]
      }
    },
    {
      "type": "Feature",
      "properties": {
        "node_id": "INF_0168",
        "node_type": "infrastructure",
        "node_subtype": "leisure:playground",
        "degree": null,
        "source": "infrastructure",
        "source_edge": "E05896",
        "name": "James Michael Levin Playground",
        "notes": "useful_infrastructure; leisure:playground",
        "display_group": "infrastructure",
        "display_color": "#e377c2",
        "display_label": "Recreation",
        "infra_field": "leisure",
        "infra_type": "playground",
        "infra_class": "Recreation",
        "infra_category": "Recreation",
        "infra_name": "James Michael Levin Playground",
        "display_name": "James Michael Levin Playground",
        "gate_name": null,
        "gate_name_status": null,
        "needs_gate_name_review": "False",
        "snap_dist_m": 23.8031672477173,
        "index_right": 5,
        "grid_x": 2,
        "grid_y": 1,
        "grid_id": "21",
        "lat": 40.77583162338578,
        "lon": -73.96548147282068,
        "cell_seq": 13,
        "grid_node_code": "21013"
      },
      "geometry": {
        "type": "Point",
        "coordinates": [
          -73.96548147282068,
          40.77583162338578
        ]
      }
    },
    {
      "type": "Feature",
      "properties": {
        "node_id": "INF_0062",
        "node_type": "infrastructure",
        "node_subtype": "amenity:drinking_water",
        "degree": null,
        "source": "infrastructure",
        "source_edge": "E05866",
        "name": "Drinking Water",
        "notes": "useful_infrastructure; amenity:drinking_water",
        "display_group": "infrastructure",
        "display_color": "#17becf",
        "display_label": "Drinking water",
        "infra_field": "amenity",
        "infra_type": "drinking_water",
        "infra_class": "Drinking water",
        "infra_category": "Drinking water",
        "infra_name": "Drinking Water",
        "display_name": "Drinking Water",
        "gate_name": null,
        "gate_name_status": null,
        "needs_gate_name_review": "False",
        "snap_dist_m": 2.6245353366554016,
        "index_right": 5,
        "grid_x": 2,
        "grid_y": 1,
        "grid_id": "21",
        "lat": 40.77559695110927,
        "lon": -73.96549310316804,
        "cell_seq": 15,
        "grid_node_code": "21015"
      },
      "geometry": {
        "type": "Point",
        "coordinates": [
          -73.96549310316804,
          40.77559695110927
        ]
      }
    },
    {
      "type": "Feature",
      "properties": {
        "node_id": "INF_0007",
        "node_type": "infrastructure",
        "node_subtype": "tourism:artwork",
        "degree": null,
        "source": "infrastructure",
        "source_edge": "E07135",
        "name": "Alice in Wonderland",
        "notes": "useful_infrastructure; tourism:artwork",
        "display_group": "infrastructure",
        "display_color": "#9467bd",
        "display_label": "Information / landmark",
        "infra_field": "tourism",
        "infra_type": "artwork",
        "infra_class": "Information / landmark",
        "infra_category": "Information / landmark",
        "infra_name": "Alice in Wonderland",
        "display_name": "Alice in Wonderland",
        "gate_name": null,
        "gate_name_status": null,
        "needs_gate_name_review": "False",
        "snap_dist_m": 7.968053495699999,
        "index_right": 5,
        "grid_x": 2,
        "grid_y": 1,
        "grid_id": "21",
        "lat": 40.7750893,
        "lon": -73.9664674,
        "cell_seq": 20,
        "grid_node_code": "21020"
      },
      "geometry": {
        "type": "Point",
        "coordinates": [
          -73.9664674,
          40.7750893
        ]
      }
    },
    {
      "type": "Feature",
      "properties": {
        "node_id": "INF_0047",
        "node_type": "infrastructure",
        "node_subtype": "amenity:drinking_water",
        "degree": null,
        "source": "infrastructure",
        "source_edge": "E09771",
        "name": "Drinking Water",
        "notes": "useful_infrastructure; amenity:drinking_water",
        "display_group": "infrastructure",
        "display_color": "#17becf",
        "display_label": "Drinking water",
        "infra_field": "amenity",
        "infra_type": "drinking_water",
        "infra_class": "Drinking water",
        "infra_category": "Drinking water",
        "infra_name": "Drinking Water",
        "display_name": "Drinking Water",
        "gate_name": null,
        "gate_name_status": null,
        "needs_gate_name_review": "False",
        "snap_dist_m": 1.9854769036057993,
        "index_right": 5,
        "grid_x": 2,
        "grid_y": 1,
        "grid_id": "21",
        "lat": 40.7745834,
        "lon": -73.9665039,
        "cell_seq": 26,
        "grid_node_code": "21026"
      },
      "geometry": {
        "type": "Point",
        "coordinates": [
          -73.9665039,
          40.7745834
        ]
      }
    },
    {
      "type": "Feature",
      "properties": {
        "node_id": "INF_0147",
        "node_type": "infrastructure",
        "node_subtype": "tourism:artwork",
        "degree": null,
        "source": "infrastructure",
        "source_edge": "E02634",
        "name": "Hans Christian Andersen",
        "notes": "useful_infrastructure; tourism:artwork",
        "display_group": "infrastructure",
        "display_color": "#9467bd",
        "display_label": "Information / landmark",
        "infra_field": "tourism",
        "infra_type": "artwork",
        "infra_class": "Information / landmark",
        "infra_category": "Information / landmark",
        "infra_name": "Hans Christian Andersen",
        "display_name": "Hans Christian Andersen",
        "gate_name": null,
        "gate_name_status": null,
        "needs_gate_name_review": "False",
        "snap_dist_m": 8.17098371756471,
        "index_right": 5,
        "grid_x": 2,
        "grid_y": 1,
        "grid_id": "21",
        "lat": 40.7744055,
        "lon": -73.96772,
        "cell_seq": 33,
        "grid_node_code": "21033"
      },
      "geometry": {
        "type": "Point",
        "coordinates": [
          -73.96772,
          40.774405499999986
        ]
      }
    },
    {
      "type": "Feature",
      "properties": {
        "node_id": "INF_0294",
        "node_type": "infrastructure",
        "node_subtype": "amenity:toilets",
        "degree": null,
        "source": "infrastructure",
        "source_edge": "E09847",
        "name": "Toilets",
        "notes": "useful_infrastructure; amenity:toilets",
        "display_group": "infrastructure",
        "display_color": "#1f77b4",
        "display_label": "Restroom",
        "infra_field": "amenity",
        "infra_type": "toilets",
        "infra_class": "Restroom",
        "infra_category": "Restroom",
        "infra_name": "Toilets",
        "display_name": "Toilets",
        "gate_name": null,
        "gate_name_status": null,
        "needs_gate_name_review": "False",
        "snap_dist_m": 16.576040318122075,
        "index_right": 5,
        "grid_x": 2,
        "grid_y": 1,
        "grid_id": "21",
        "lat": 40.7738818,
        "lon": -73.9667933,
        "cell_seq": 45,
        "grid_node_code": "21045"
      },
      "geometry": {
        "type": "Point",
        "coordinates": [
          -73.9667933,
          40.7738818
        ]
      }
    },
    {
      "type": "Feature",
      "properties": {
        "node_id": "INF_0032",
        "node_type": "infrastructure",
        "node_subtype": "amenity:drinking_water",
        "degree": null,
        "source": "infrastructure",
        "source_edge": "E09799",
        "name": "Drinking Water",
        "notes": "useful_infrastructure; amenity:drinking_water",
        "display_group": "infrastructure",
        "display_color": "#17becf",
        "display_label": "Drinking water",
        "infra_field": "amenity",
        "infra_type": "drinking_water",
        "infra_class": "Drinking water",
        "infra_category": "Drinking water",
        "infra_name": "Drinking Water",
        "display_name": "Drinking Water",
        "gate_name": null,
        "gate_name_status": null,
        "needs_gate_name_review": "False",
        "snap_dist_m": 0.23627075794965147,
        "index_right": 5,
        "grid_x": 2,
        "grid_y": 1,
        "grid_id": "21",
        "lat": 40.77364171301975,
        "lon": -73.9675481731561,
        "cell_seq": 51,
        "grid_node_code": "21051"
      },
      "geometry": {
        "type": "Point",
        "coordinates": [
          -73.9675481731561,
          40.77364171301975
        ]
      }
    },
    {
      "type": "Feature",
      "properties": {
        "node_id": "INF_0276",
        "node_type": "infrastructure",
        "node_subtype": "tourism:artwork",
        "degree": null,
        "source": "infrastructure",
        "source_edge": "E11770",
        "name": "The Pilgrim",
        "notes": "useful_infrastructure; tourism:artwork",
        "display_group": "infrastructure",
        "display_color": "#9467bd",
        "display_label": "Information / landmark",
        "infra_field": "tourism",
        "infra_type": "artwork",
        "infra_class": "Information / landmark",
        "infra_category": "Information / landmark",
        "infra_name": "The Pilgrim",
        "display_name": "The Pilgrim",
        "gate_name": null,
        "gate_name_status": null,
        "needs_gate_name_review": "False",
        "snap_dist_m": 16.70372443109619,
        "index_right": 5,
        "grid_x": 2,
        "grid_y": 1,
        "grid_id": "21",
        "lat": 40.77306722107906,
        "lon": -73.96860958871102,
        "cell_seq": 53,
        "grid_node_code": "21053"
      },
      "geometry": {
        "type": "Point",
        "coordinates": [
          -73.96860958871102,
          40.77306722107906
        ]
      }
    },
    {
      "type": "Feature",
      "properties": {
        "node_id": "INF_0253",
        "node_type": "infrastructure",
        "node_subtype": "tourism:artwork",
        "degree": null,
        "source": "infrastructure",
        "source_edge": "E09177",
        "name": "Samuel F. B. Morse",
        "notes": "useful_infrastructure; tourism:artwork",
        "display_group": "infrastructure",
        "display_color": "#9467bd",
        "display_label": "Information / landmark",
        "infra_field": "tourism",
        "infra_type": "artwork",
        "infra_class": "Information / landmark",
        "infra_category": "Information / landmark",
        "infra_name": "Samuel F. B. Morse",
        "display_name": "Samuel F. B. Morse",
        "gate_name": null,
        "gate_name_status": null,
        "needs_gate_name_review": "False",
        "snap_dist_m": 23.115994028304712,
        "index_right": 5,
        "grid_x": 2,
        "grid_y": 1,
        "grid_id": "21",
        "lat": 40.772592037272304,
        "lon": -73.96766841850109,
        "cell_seq": 67,
        "grid_node_code": "21067"
      },
      "geometry": {
        "type": "Point",
        "coordinates": [
          -73.96766841850109,
          40.772592037272304
        ]
      }
    },
    {
      "type": "Feature",
      "properties": {
        "node_id": "INF_0074",
        "node_type": "infrastructure",
        "node_subtype": "amenity:drinking_water",
        "degree": null,
        "source": "infrastructure",
        "source_edge": "E09177",
        "name": "Drinking Water",
        "notes": "useful_infrastructure; amenity:drinking_water",
        "display_group": "infrastructure",
        "display_color": "#17becf",
        "display_label": "Drinking water",
        "infra_field": "amenity",
        "infra_type": "drinking_water",
        "infra_class": "Drinking water",
        "infra_category": "Drinking water",
        "infra_name": "Drinking Water",
        "display_name": "Drinking Water",
        "gate_name": null,
        "gate_name_status": null,
        "needs_gate_name_review": "False",
        "snap_dist_m": 3.0441356428980297,
        "index_right": 5,
        "grid_x": 2,
        "grid_y": 1,
        "grid_id": "21",
        "lat": 40.772584554132166,
        "lon": -73.96767446115943,
        "cell_seq": 68,
        "grid_node_code": "21068"
      },
      "geometry": {
        "type": "Point",
        "coordinates": [
          -73.96767446115943,
          40.772584554132166
        ]
      }
    },
    {
      "type": "Feature",
      "properties": {
        "node_id": "INF_0055",
        "node_type": "infrastructure",
        "node_subtype": "amenity:drinking_water",
        "degree": null,
        "source": "infrastructure",
        "source_edge": "E09176",
        "name": "Drinking Water",
        "notes": "useful_infrastructure; amenity:drinking_water",
        "display_group": "infrastructure",
        "display_color": "#17becf",
        "display_label": "Drinking water",
        "infra_field": "amenity",
        "infra_type": "drinking_water",
        "infra_class": "Drinking water",
        "infra_category": "Drinking water",
        "infra_name": "Drinking Water",
        "display_name": "Drinking Water",
        "gate_name": null,
        "gate_name_status": null,
        "needs_gate_name_review": "False",
        "snap_dist_m": 2.3470398003539175,
        "index_right": 5,
        "grid_x": 2,
        "grid_y": 1,
        "grid_id": "21",
        "lat": 40.77242718147238,
        "lon": -73.9678167487651,
        "cell_seq": 70,
        "grid_node_code": "21070"
      },
      "geometry": {
        "type": "Point",
        "coordinates": [
          -73.9678167487651,
          40.77242718147238
        ]
      }
    },
    {
      "type": "Feature",
      "properties": {
        "node_id": "INF_0122",
        "node_type": "infrastructure",
        "node_subtype": "amenity:drinking_water",
        "degree": null,
        "source": "infrastructure",
        "source_edge": "E09174",
        "name": "Drinking Water",
        "notes": "useful_infrastructure; amenity:drinking_water",
        "display_group": "infrastructure",
        "display_color": "#17becf",
        "display_label": "Drinking water",
        "infra_field": "amenity",
        "infra_type": "drinking_water",
        "infra_class": "Drinking water",
        "infra_category": "Drinking water",
        "infra_name": "Drinking Water",
        "display_name": "Drinking Water",
        "gate_name": null,
        "gate_name_status": null,
        "needs_gate_name_review": "False",
        "snap_dist_m": 30.73222526432833,
        "index_right": 5,
        "grid_x": 2,
        "grid_y": 1,
        "grid_id": "21",
        "lat": 40.7721433,
        "lon": -73.9679833,
        "cell_seq": 76,
        "grid_node_code": "21076"
      },
      "geometry": {
        "type": "Point",
        "coordinates": [
          -73.9679833,
          40.7721433
        ]
      }
    },
    {
      "type": "Feature",
      "properties": {
        "node_id": "INF_0128",
        "node_type": "infrastructure",
        "node_subtype": "leisure:playground",
        "degree": null,
        "source": "infrastructure",
        "source_edge": "E09174",
        "name": "East 72nd Street Playground",
        "notes": "useful_infrastructure; leisure:playground",
        "display_group": "infrastructure",
        "display_color": "#e377c2",
        "display_label": "Recreation",
        "infra_field": "leisure",
        "infra_type": "playground",
        "infra_class": "Recreation",
        "infra_category": "Recreation",
        "infra_name": "East 72nd Street Playground",
        "display_name": "East 72nd Street Playground",
        "gate_name": null,
        "gate_name_status": null,
        "needs_gate_name_review": "False",
        "snap_dist_m": 14.837248395329693,
        "index_right": 5,
        "grid_x": 2,
        "grid_y": 1,
        "grid_id": "21",
        "lat": 40.7721433,
        "lon": -73.9679833,
        "cell_seq": 77,
        "grid_node_code": "21077"
      },
      "geometry": {
        "type": "Point",
        "coordinates": [
          -73.9679833,
          40.7721433
        ]
      }
    },
    {
      "type": "Feature",
      "properties": {
        "node_id": "INF_0034",
        "node_type": "infrastructure",
        "node_subtype": "amenity:drinking_water",
        "degree": null,
        "source": "infrastructure",
        "source_edge": "E08723",
        "name": "Drinking Water",
        "notes": "useful_infrastructure; amenity:drinking_water",
        "display_group": "infrastructure",
        "display_color": "#17becf",
        "display_label": "Drinking water",
        "infra_field": "amenity",
        "infra_type": "drinking_water",
        "infra_class": "Drinking water",
        "infra_category": "Drinking water",
        "infra_name": "Drinking Water",
        "display_name": "Drinking Water",
        "gate_name": null,
        "gate_name_status": null,
        "needs_gate_name_review": "False",
        "snap_dist_m": 0.610139435250493,
        "index_right": 5,
        "grid_x": 2,
        "grid_y": 1,
        "grid_id": "21",
        "lat": 40.771929392193194,
        "lon": -73.96969371270414,
        "cell_seq": 79,
        "grid_node_code": "21079"
      },
      "geometry": {
        "type": "Point",
        "coordinates": [
          -73.96969371270414,
          40.771929392193194
        ]
      }
    },
    {
      "type": "Feature",
      "properties": {
        "node_id": "INF_0245",
        "node_type": "infrastructure",
        "node_subtype": "tourism:artwork",
        "degree": null,
        "source": "infrastructure",
        "source_edge": "E06970",
        "name": "Richard Morris Hunt",
        "notes": "useful_infrastructure; tourism:artwork",
        "display_group": "infrastructure",
        "display_color": "#9467bd",
        "display_label": "Information / landmark",
        "infra_field": "tourism",
        "infra_type": "artwork",
        "infra_class": "Information / landmark",
        "infra_category": "Information / landmark",
        "infra_name": "Richard Morris Hunt",
        "display_name": "Richard Morris Hunt",
        "gate_name": null,
        "gate_name_status": null,
        "needs_gate_name_review": "False",
        "snap_dist_m": 28.41134291699104,
        "index_right": 5,
        "grid_x": 2,
        "grid_y": 1,
        "grid_id": "21",
        "lat": 40.77151608934498,
        "lon": -73.96831456035974,
        "cell_seq": 81,
        "grid_node_code": "21081"
      },
      "geometry": {
        "type": "Point",
        "coordinates": [
          -73.96831456035974,
          40.77151608934498
        ]
      }
    },
    {
      "type": "Feature",
      "properties": {
        "node_id": "INF_0069",
        "node_type": "infrastructure",
        "node_subtype": "amenity:drinking_water",
        "degree": null,
        "source": "infrastructure",
        "source_edge": "E11102",
        "name": "Drinking Water",
        "notes": "useful_infrastructure; amenity:drinking_water",
        "display_group": "infrastructure",
        "display_color": "#17becf",
        "display_label": "Drinking water",
        "infra_field": "amenity",
        "infra_type": "drinking_water",
        "infra_class": "Drinking water",
        "infra_category": "Drinking water",
        "infra_name": "Drinking Water",
        "display_name": "Drinking Water",
        "gate_name": null,
        "gate_name_status": null,
        "needs_gate_name_review": "False",
        "snap_dist_m": 2.8436388444698903,
        "index_right": 6,
        "grid_x": 2,
        "grid_y": 2,
        "grid_id": "22",
        "lat": 40.77766630519269,
        "lon": -73.96729367542542,
        "cell_seq": 7,
        "grid_node_code": "22007"
      },
      "geometry": {
        "type": "Point",
        "coordinates": [
          -73.96729367542542,
          40.77766630519269
        ]
      }
    },
    {
      "type": "Feature",
      "properties": {
        "node_id": "INF_0265",
        "node_type": "infrastructure",
        "node_subtype": "tourism:artwork",
        "degree": null,
        "source": "infrastructure",
        "source_edge": "E11615",
        "name": "Still Hunt",
        "notes": "useful_infrastructure; tourism:artwork",
        "display_group": "infrastructure",
        "display_color": "#9467bd",
        "display_label": "Information / landmark",
        "infra_field": "tourism",
        "infra_type": "artwork",
        "infra_class": "Information / landmark",
        "infra_category": "Information / landmark",
        "infra_name": "Still Hunt",
        "display_name": "Still Hunt",
        "gate_name": null,
        "gate_name_status": null,
        "needs_gate_name_review": "False",
        "snap_dist_m": 10.372382988152449,
        "index_right": 6,
        "grid_x": 2,
        "grid_y": 2,
        "grid_id": "22",
        "lat": 40.77680726821142,
        "lon": -73.9670735715228,
        "cell_seq": 14,
        "grid_node_code": "22014"
      },
      "geometry": {
        "type": "Point",
        "coordinates": [
          -73.9670735715228,
          40.77680726821142
        ]
      }
    },
    {
      "type": "Feature",
      "properties": {
        "node_id": "INF_0177",
        "node_type": "infrastructure",
        "node_subtype": "amenity:restaurant",
        "degree": null,
        "source": "infrastructure",
        "source_edge": "E09841",
        "name": "Loeb Boathouse",
        "notes": "useful_infrastructure; amenity:restaurant",
        "display_group": "infrastructure",
        "display_color": "#ff7f0e",
        "display_label": "Food / cafe",
        "infra_field": "amenity",
        "infra_type": "restaurant",
        "infra_class": "Food / cafe",
        "infra_category": "Food / cafe",
        "infra_name": "Loeb Boathouse",
        "display_name": "Loeb Boathouse",
        "gate_name": null,
        "gate_name_status": null,
        "needs_gate_name_review": "False",
        "snap_dist_m": 22.4578114859457,
        "index_right": 6,
        "grid_x": 2,
        "grid_y": 2,
        "grid_id": "22",
        "lat": 40.77534344377567,
        "lon": -73.96847683424062,
        "cell_seq": 32,
        "grid_node_code": "22032"
      },
      "geometry": {
        "type": "Point",
        "coordinates": [
          -73.96847683424062,
          40.77534344377567
        ]
      }
    },
    {
      "type": "Feature",
      "properties": {
        "node_id": "INF_0289",
        "node_type": "infrastructure",
        "node_subtype": "amenity:toilets",
        "degree": null,
        "source": "infrastructure",
        "source_edge": "E02597",
        "name": "Toilets",
        "notes": "useful_infrastructure; amenity:toilets",
        "display_group": "infrastructure",
        "display_color": "#1f77b4",
        "display_label": "Restroom",
        "infra_field": "amenity",
        "infra_type": "toilets",
        "infra_class": "Restroom",
        "infra_category": "Restroom",
        "infra_name": "Toilets",
        "display_name": "Toilets",
        "gate_name": null,
        "gate_name_status": null,
        "needs_gate_name_review": "False",
        "snap_dist_m": 9.875454814050427,
        "index_right": 6,
        "grid_x": 2,
        "grid_y": 2,
        "grid_id": "22",
        "lat": 40.7750330910969,
        "lon": -73.96858751849201,
        "cell_seq": 34,
        "grid_node_code": "22034"
      },
      "geometry": {
        "type": "Point",
        "coordinates": [
          -73.96858751849201,
          40.7750330910969
        ]
      }
    },
    {
      "type": "Feature",
      "properties": {
        "node_id": "INF_0073",
        "node_type": "infrastructure",
        "node_subtype": "amenity:drinking_water",
        "degree": null,
        "source": "infrastructure",
        "source_edge": "E02596",
        "name": "Drinking Water",
        "notes": "useful_infrastructure; amenity:drinking_water",
        "display_group": "infrastructure",
        "display_color": "#17becf",
        "display_label": "Drinking water",
        "infra_field": "amenity",
        "infra_type": "drinking_water",
        "infra_class": "Drinking water",
        "infra_category": "Drinking water",
        "infra_name": "Drinking Water",
        "display_name": "Drinking Water",
        "gate_name": null,
        "gate_name_status": null,
        "needs_gate_name_review": "False",
        "snap_dist_m": 3.0336693113040276,
        "index_right": 6,
        "grid_x": 2,
        "grid_y": 2,
        "grid_id": "22",
        "lat": 40.77491671720834,
        "lon": -73.9687823177357,
        "cell_seq": 37,
        "grid_node_code": "22037"
      },
      "geometry": {
        "type": "Point",
        "coordinates": [
          -73.9687823177357,
          40.77491671720834
        ]
      }
    },
    {
      "type": "Feature",
      "properties": {
        "node_id": "INF_0176",
        "node_type": "infrastructure",
        "node_subtype": "tourism:attraction",
        "degree": null,
        "source": "infrastructure",
        "source_edge": "E02594",
        "name": "Loeb Boathouse",
        "notes": "useful_infrastructure; tourism:attraction",
        "display_group": "infrastructure",
        "display_color": "#9467bd",
        "display_label": "Information / landmark",
        "infra_field": "tourism",
        "infra_type": "attraction",
        "infra_class": "Information / landmark",
        "infra_category": "Information / landmark",
        "infra_name": "Loeb Boathouse",
        "display_name": "Loeb Boathouse",
        "gate_name": null,
        "gate_name_status": null,
        "needs_gate_name_review": "False",
        "snap_dist_m": 13.083368934524486,
        "index_right": 6,
        "grid_x": 2,
        "grid_y": 2,
        "grid_id": "22",
        "lat": 40.774790544925466,
        "lon": -73.96901605072628,
        "cell_seq": 41,
        "grid_node_code": "22041"
      },
      "geometry": {
        "type": "Point",
        "coordinates": [
          -73.96901605072628,
          40.774790544925466
        ]
      }
    },
    {
      "type": "Feature",
      "properties": {
        "node_id": "INF_0262",
        "node_type": "infrastructure",
        "node_subtype": "tourism:artwork",
        "degree": null,
        "source": "infrastructure",
        "source_edge": "E10999",
        "name": "Snow Babies",
        "notes": "useful_infrastructure; tourism:artwork",
        "display_group": "infrastructure",
        "display_color": "#9467bd",
        "display_label": "Information / landmark",
        "infra_field": "tourism",
        "infra_type": "artwork",
        "infra_class": "Information / landmark",
        "infra_category": "Information / landmark",
        "infra_name": "Snow Babies",
        "display_name": "Snow Babies",
        "gate_name": null,
        "gate_name_status": null,
        "needs_gate_name_review": "False",
        "snap_dist_m": 1.607057469229088,
        "index_right": 6,
        "grid_x": 2,
        "grid_y": 2,
        "grid_id": "22",
        "lat": 40.7724608,
        "lon": -73.9697534,
        "cell_seq": 75,
        "grid_node_code": "22075"
      },
      "geometry": {
        "type": "Point",
        "coordinates": [
          -73.9697534,
          40.77246079999998
        ]
      }
    },
    {
      "type": "Feature",
      "properties": {
        "node_id": "INF_0181",
        "node_type": "infrastructure",
        "node_subtype": "tourism:artwork",
        "degree": null,
        "source": "infrastructure",
        "source_edge": "E11600",
        "name": "Mother Goose",
        "notes": "useful_infrastructure; tourism:artwork",
        "display_group": "infrastructure",
        "display_color": "#9467bd",
        "display_label": "Information / landmark",
        "infra_field": "tourism",
        "infra_type": "artwork",
        "infra_class": "Information / landmark",
        "infra_category": "Information / landmark",
        "infra_name": "Mother Goose",
        "display_name": "Mother Goose",
        "gate_name": null,
        "gate_name_status": null,
        "needs_gate_name_review": "False",
        "snap_dist_m": 6.58177347272404,
        "index_right": 6,
        "grid_x": 2,
        "grid_y": 2,
        "grid_id": "22",
        "lat": 40.77245834970819,
        "lon": -73.9695982296082,
        "cell_seq": 77,
        "grid_node_code": "22077"
      },
      "geometry": {
        "type": "Point",
        "coordinates": [
          -73.9695982296082,
          40.77245834970819
        ]
      }
    },
    {
      "type": "Feature",
      "properties": {
        "node_id": "INF_0324",
        "node_type": "infrastructure",
        "node_subtype": "entrance:yes",
        "degree": null,
        "source": "infrastructure",
        "source_edge": "E14128",
        "name": "Unnamed yes entrance",
        "notes": "useful_infrastructure; entrance:yes",
        "display_group": "infrastructure",
        "display_color": "#7f7f7f",
        "display_label": "Entrance / gate",
        "infra_field": "entrance",
        "infra_type": "yes",
        "infra_class": "Entrance / gate",
        "infra_category": "Entrance / gate",
        "infra_name": "Unnamed yes entrance",
        "display_name": "Unnamed yes entrance",
        "gate_name": null,
        "gate_name_status": "missing_name",
        "needs_gate_name_review": "True",
        "snap_dist_m": 0.0,
        "index_right": 7,
        "grid_x": 2,
        "grid_y": 3,
        "grid_id": "23",
        "lat": 40.7792983,
        "lon": -73.9688958,
        "cell_seq": 2,
        "grid_node_code": "23002"
      },
      "geometry": {
        "type": "Point",
        "coordinates": [
          -73.9688958,
          40.7792983
        ]
      }
    },
    {
      "type": "Feature",
      "properties": {
        "node_id": "INF_0156",
        "node_type": "infrastructure",
        "node_subtype": "tourism:museum",
        "degree": null,
        "source": "infrastructure",
        "source_edge": "E02430",
        "name": "Henry Luce Nature Observatory",
        "notes": "useful_infrastructure; tourism:museum",
        "display_group": "infrastructure",
        "display_color": "#9467bd",
        "display_label": "Information / landmark",
        "infra_field": "tourism",
        "infra_type": "museum",
        "infra_class": "Information / landmark",
        "infra_category": "Information / landmark",
        "infra_name": "Henry Luce Nature Observatory",
        "display_name": "Henry Luce Nature Observatory",
        "gate_name": null,
        "gate_name_status": null,
        "needs_gate_name_review": "False",
        "snap_dist_m": 5.142984808402485,
        "index_right": 7,
        "grid_x": 2,
        "grid_y": 3,
        "grid_id": "23",
        "lat": 40.77922732107904,
        "lon": -73.96881608236662,
        "cell_seq": 3,
        "grid_node_code": "23003"
      },
      "geometry": {
        "type": "Point",
        "coordinates": [
          -73.96881608236662,
          40.77922732107904
        ]
      }
    },
    {
      "type": "Feature",
      "properties": {
        "node_id": "INF_0065",
        "node_type": "infrastructure",
        "node_subtype": "amenity:drinking_water",
        "degree": null,
        "source": "infrastructure",
        "source_edge": "E02428",
        "name": "Drinking Water",
        "notes": "useful_infrastructure; amenity:drinking_water",
        "display_group": "infrastructure",
        "display_color": "#17becf",
        "display_label": "Drinking water",
        "infra_field": "amenity",
        "infra_type": "drinking_water",
        "infra_class": "Drinking water",
        "infra_category": "Drinking water",
        "infra_name": "Drinking Water",
        "display_name": "Drinking Water",
        "gate_name": null,
        "gate_name_status": null,
        "needs_gate_name_review": "False",
        "snap_dist_m": 2.7055694408886497,
        "index_right": 7,
        "grid_x": 2,
        "grid_y": 3,
        "grid_id": "23",
        "lat": 40.77919501791213,
        "lon": -73.96868503462463,
        "cell_seq": 4,
        "grid_node_code": "23004"
      },
      "geometry": {
        "type": "Point",
        "coordinates": [
          -73.96868503462463,
          40.77919501791213
        ]
      }
    },
    {
      "type": "Feature",
      "properties": {
        "node_id": "INF_0305",
        "node_type": "infrastructure",
        "node_subtype": "barrier:gate",
        "degree": null,
        "source": "infrastructure",
        "source_edge": "E09416",
        "name": "Unnamed gate",
        "notes": "useful_infrastructure; barrier:gate",
        "display_group": "infrastructure",
        "display_color": "#7f7f7f",
        "display_label": "Entrance / gate",
        "infra_field": "barrier",
        "infra_type": "gate",
        "infra_class": "Entrance / gate",
        "infra_category": "Entrance / gate",
        "infra_name": "Unnamed gate",
        "display_name": "Unnamed gate",
        "gate_name": null,
        "gate_name_status": "missing_name",
        "needs_gate_name_review": "True",
        "snap_dist_m": 0.0,
        "index_right": 7,
        "grid_x": 2,
        "grid_y": 3,
        "grid_id": "23",
        "lat": 40.7785911,
        "lon": -73.9680598,
        "cell_seq": 8,
        "grid_node_code": "23008"
      },
      "geometry": {
        "type": "Point",
        "coordinates": [
          -73.9680598,
          40.7785911
        ]
      }
    },
    {
      "type": "Feature",
      "properties": {
        "node_id": "INF_0280",
        "node_type": "infrastructure",
        "node_subtype": "amenity:toilets",
        "degree": null,
        "source": "infrastructure",
        "source_edge": "E10796",
        "name": "Toilets",
        "notes": "useful_infrastructure; amenity:toilets",
        "display_group": "infrastructure",
        "display_color": "#1f77b4",
        "display_label": "Restroom",
        "infra_field": "amenity",
        "infra_type": "toilets",
        "infra_class": "Restroom",
        "infra_category": "Restroom",
        "infra_name": "Toilets",
        "display_name": "Toilets",
        "gate_name": null,
        "gate_name_status": null,
        "needs_gate_name_review": "False",
        "snap_dist_m": 1.8516696539671065,
        "index_right": 7,
        "grid_x": 2,
        "grid_y": 3,
        "grid_id": "23",
        "lat": 40.7783749,
        "lon": -73.9677305,
        "cell_seq": 14,
        "grid_node_code": "23014"
      },
      "geometry": {
        "type": "Point",
        "coordinates": [
          -73.9677305,
          40.7783749
        ]
      }
    },
    {
      "type": "Feature",
      "properties": {
        "node_id": "INF_0344",
        "node_type": "infrastructure",
        "node_subtype": "tourism:viewpoint",
        "degree": null,
        "source": "infrastructure",
        "source_edge": "E10036",
        "name": "Viewpoint",
        "notes": "useful_infrastructure; tourism:viewpoint",
        "display_group": "infrastructure",
        "display_color": "#9467bd",
        "display_label": "Information / landmark",
        "infra_field": "tourism",
        "infra_type": "viewpoint",
        "infra_class": "Information / landmark",
        "infra_category": "Information / landmark",
        "infra_name": "Viewpoint",
        "display_name": "Viewpoint",
        "gate_name": null,
        "gate_name_status": null,
        "needs_gate_name_review": "False",
        "snap_dist_m": 5.887753114938585,
        "index_right": 7,
        "grid_x": 2,
        "grid_y": 3,
        "grid_id": "23",
        "lat": 40.776262669352064,
        "lon": -73.9700667337383,
        "cell_seq": 69,
        "grid_node_code": "23069"
      },
      "geometry": {
        "type": "Point",
        "coordinates": [
          -73.9700667337383,
          40.776262669352064
        ]
      }
    },
    {
      "type": "Feature",
      "properties": {
        "node_id": "INF_0338",
        "node_type": "infrastructure",
        "node_subtype": "tourism:viewpoint",
        "degree": null,
        "source": "infrastructure",
        "source_edge": "E10874",
        "name": "Viewpoint",
        "notes": "useful_infrastructure; tourism:viewpoint",
        "display_group": "infrastructure",
        "display_color": "#9467bd",
        "display_label": "Information / landmark",
        "infra_field": "tourism",
        "infra_type": "viewpoint",
        "infra_class": "Information / landmark",
        "infra_category": "Information / landmark",
        "infra_name": "Viewpoint",
        "display_name": "Viewpoint",
        "gate_name": null,
        "gate_name_status": null,
        "needs_gate_name_review": "False",
        "snap_dist_m": 1.303094517249939,
        "index_right": 7,
        "grid_x": 2,
        "grid_y": 3,
        "grid_id": "23",
        "lat": 40.77584712919825,
        "lon": -73.97070683223806,
        "cell_seq": 76,
        "grid_node_code": "23076"
      },
      "geometry": {
        "type": "Point",
        "coordinates": [
          -73.97070683223806,
          40.77584712919825
        ]
      }
    },
    {
      "type": "Feature",
      "properties": {
        "node_id": "INF_0054",
        "node_type": "infrastructure",
        "node_subtype": "amenity:drinking_water",
        "degree": null,
        "source": "infrastructure",
        "source_edge": "E11838",
        "name": "Drinking Water",
        "notes": "useful_infrastructure; amenity:drinking_water",
        "display_group": "infrastructure",
        "display_color": "#17becf",
        "display_label": "Drinking water",
        "infra_field": "amenity",
        "infra_type": "drinking_water",
        "infra_class": "Drinking water",
        "infra_category": "Drinking water",
        "infra_name": "Drinking Water",
        "display_name": "Drinking Water",
        "gate_name": null,
        "gate_name_status": null,
        "needs_gate_name_review": "False",
        "snap_dist_m": 2.3240964841447527,
        "index_right": 7,
        "grid_x": 2,
        "grid_y": 3,
        "grid_id": "23",
        "lat": 40.77461821432776,
        "lon": -73.97238069936358,
        "cell_seq": 86,
        "grid_node_code": "23086"
      },
      "geometry": {
        "type": "Point",
        "coordinates": [
          -73.97238069936358,
          40.77461821432776
        ]
      }
    },
    {
      "type": "Feature",
      "properties": {
        "node_id": "INF_0013",
        "node_type": "infrastructure",
        "node_subtype": "tourism:attraction",
        "degree": null,
        "source": "infrastructure",
        "source_edge": "E02547",
        "name": "Bethesda Fountain",
        "notes": "useful_infrastructure; tourism:attraction",
        "display_group": "infrastructure",
        "display_color": "#9467bd",
        "display_label": "Information / landmark",
        "infra_field": "tourism",
        "infra_type": "attraction",
        "infra_class": "Information / landmark",
        "infra_category": "Information / landmark",
        "infra_name": "Bethesda Fountain",
        "display_name": "Bethesda Fountain",
        "gate_name": null,
        "gate_name_status": null,
        "needs_gate_name_review": "False",
        "snap_dist_m": 19.313691050659173,
        "index_right": 7,
        "grid_x": 2,
        "grid_y": 3,
        "grid_id": "23",
        "lat": 40.77449781744652,
        "lon": -73.97086940820948,
        "cell_seq": 87,
        "grid_node_code": "23087"
      },
      "geometry": {
        "type": "Point",
        "coordinates": [
          -73.97086940820948,
          40.77449781744652
        ]
      }
    },
    {
      "type": "Feature",
      "properties": {
        "node_id": "INF_0048",
        "node_type": "infrastructure",
        "node_subtype": "amenity:drinking_water",
        "degree": null,
        "source": "infrastructure",
        "source_edge": "E12103",
        "name": "Drinking Water",
        "notes": "useful_infrastructure; amenity:drinking_water",
        "display_group": "infrastructure",
        "display_color": "#17becf",
        "display_label": "Drinking water",
        "infra_field": "amenity",
        "infra_type": "drinking_water",
        "infra_class": "Drinking water",
        "infra_category": "Drinking water",
        "infra_name": "Drinking Water",
        "display_name": "Drinking Water",
        "gate_name": null,
        "gate_name_status": null,
        "needs_gate_name_review": "False",
        "snap_dist_m": 2.0298592366868595,
        "index_right": 7,
        "grid_x": 2,
        "grid_y": 3,
        "grid_id": "23",
        "lat": 40.77355800759295,
        "lon": -73.97164213031053,
        "cell_seq": 114,
        "grid_node_code": "23114"
      },
      "geometry": {
        "type": "Point",
        "coordinates": [
          -73.97164213031053,
          40.77355800759295
        ]
      }
    },
    {
      "type": "Feature",
      "properties": {
        "node_id": "INF_0285",
        "node_type": "infrastructure",
        "node_subtype": "amenity:toilets",
        "degree": null,
        "source": "infrastructure",
        "source_edge": "E03097",
        "name": "Toilets",
        "notes": "useful_infrastructure; amenity:toilets",
        "display_group": "infrastructure",
        "display_color": "#1f77b4",
        "display_label": "Restroom",
        "infra_field": "amenity",
        "infra_type": "toilets",
        "infra_class": "Restroom",
        "infra_category": "Restroom",
        "infra_name": "Toilets",
        "display_name": "Toilets",
        "gate_name": null,
        "gate_name_status": null,
        "needs_gate_name_review": "False",
        "snap_dist_m": 5.308584798942144,
        "index_right": 7,
        "grid_x": 2,
        "grid_y": 3,
        "grid_id": "23",
        "lat": 40.77350320239135,
        "lon": -73.9711389627302,
        "cell_seq": 115,
        "grid_node_code": "23115"
      },
      "geometry": {
        "type": "Point",
        "coordinates": [
          -73.9711389627302,
          40.77350320239135
        ]
      }
    },
    {
      "type": "Feature",
      "properties": {
        "node_id": "INF_0169",
        "node_type": "infrastructure",
        "node_subtype": "tourism:artwork",
        "degree": null,
        "source": "infrastructure",
        "source_edge": "E08181",
        "name": "Johann Christoph Friedrich Von Schiller",
        "notes": "useful_infrastructure; tourism:artwork",
        "display_group": "infrastructure",
        "display_color": "#9467bd",
        "display_label": "Information / landmark",
        "infra_field": "tourism",
        "infra_type": "artwork",
        "infra_class": "Information / landmark",
        "infra_category": "Information / landmark",
        "infra_name": "Johann Christoph Friedrich Von Schiller",
        "display_name": "Johann Christoph Friedrich Von Schiller",
        "gate_name": null,
        "gate_name_status": null,
        "needs_gate_name_review": "False",
        "snap_dist_m": 6.448335654679567,
        "index_right": 7,
        "grid_x": 2,
        "grid_y": 3,
        "grid_id": "23",
        "lat": 40.77319305612272,
        "lon": -73.97180710829201,
        "cell_seq": 126,
        "grid_node_code": "23126"
      },
      "geometry": {
        "type": "Point",
        "coordinates": [
          -73.97180710829201,
          40.77319305612272
        ]
      }
    },
    {
      "type": "Feature",
      "properties": {
        "node_id": "INF_0260",
        "node_type": "infrastructure",
        "node_subtype": "tourism:viewpoint",
        "degree": null,
        "source": "infrastructure",
        "source_edge": "E04024",
        "name": "Skate Circle",
        "notes": "useful_infrastructure; tourism:viewpoint",
        "display_group": "infrastructure",
        "display_color": "#9467bd",
        "display_label": "Information / landmark",
        "infra_field": "tourism",
        "infra_type": "viewpoint",
        "infra_class": "Information / landmark",
        "infra_category": "Information / landmark",
        "infra_name": "Skate Circle",
        "display_name": "Skate Circle",
        "gate_name": null,
        "gate_name_status": null,
        "needs_gate_name_review": "False",
        "snap_dist_m": 0.8635499851078939,
        "index_right": 7,
        "grid_x": 2,
        "grid_y": 3,
        "grid_id": "23",
        "lat": 40.77307245424048,
        "lon": -73.97251211516877,
        "cell_seq": 127,
        "grid_node_code": "23127"
      },
      "geometry": {
        "type": "Point",
        "coordinates": [
          -73.97251211516877,
          40.77307245424048
        ]
      }
    },
    {
      "type": "Feature",
      "properties": {
        "node_id": "INF_0178",
        "node_type": "infrastructure",
        "node_subtype": "tourism:artwork",
        "degree": null,
        "source": "infrastructure",
        "source_edge": "E08507",
        "name": "Ludwig van Beethoven",
        "notes": "useful_infrastructure; tourism:artwork",
        "display_group": "infrastructure",
        "display_color": "#9467bd",
        "display_label": "Information / landmark",
        "infra_field": "tourism",
        "infra_type": "artwork",
        "infra_class": "Information / landmark",
        "infra_category": "Information / landmark",
        "infra_name": "Ludwig van Beethoven",
        "display_name": "Ludwig van Beethoven",
        "gate_name": null,
        "gate_name_status": null,
        "needs_gate_name_review": "False",
        "snap_dist_m": 6.305000511071172,
        "index_right": 7,
        "grid_x": 2,
        "grid_y": 3,
        "grid_id": "23",
        "lat": 40.772903481305505,
        "lon": -73.97195559470431,
        "cell_seq": 130,
        "grid_node_code": "23130"
      },
      "geometry": {
        "type": "Point",
        "coordinates": [
          -73.97195559470431,
          40.772903481305505
        ]
      }
    },
    {
      "type": "Feature",
      "properties": {
        "node_id": "INF_0332",
        "node_type": "infrastructure",
        "node_subtype": "tourism:artwork",
        "degree": null,
        "source": "infrastructure",
        "source_edge": "E08174",
        "name": "Victor Herbert",
        "notes": "useful_infrastructure; tourism:artwork",
        "display_group": "infrastructure",
        "display_color": "#9467bd",
        "display_label": "Information / landmark",
        "infra_field": "tourism",
        "infra_type": "artwork",
        "infra_class": "Information / landmark",
        "infra_category": "Information / landmark",
        "infra_name": "Victor Herbert",
        "display_name": "Victor Herbert",
        "gate_name": null,
        "gate_name_status": null,
        "needs_gate_name_review": "False",
        "snap_dist_m": 7.024970332140029,
        "index_right": 7,
        "grid_x": 2,
        "grid_y": 3,
        "grid_id": "23",
        "lat": 40.77269557587925,
        "lon": -73.97221447830522,
        "cell_seq": 134,
        "grid_node_code": "23134"
      },
      "geometry": {
        "type": "Point",
        "coordinates": [
          -73.97221447830522,
          40.77269557587925
        ]
      }
    },
    {
      "type": "Feature",
      "properties": {
        "node_id": "INF_0336",
        "node_type": "infrastructure",
        "node_subtype": "tourism:viewpoint",
        "degree": null,
        "source": "infrastructure",
        "source_edge": "E14125",
        "name": "Viewpoint",
        "notes": "useful_infrastructure; tourism:viewpoint",
        "display_group": "infrastructure",
        "display_color": "#9467bd",
        "display_label": "Information / landmark",
        "infra_field": "tourism",
        "infra_type": "viewpoint",
        "infra_class": "Information / landmark",
        "infra_category": "Information / landmark",
        "infra_name": "Viewpoint",
        "display_name": "Viewpoint",
        "gate_name": null,
        "gate_name_status": null,
        "needs_gate_name_review": "False",
        "snap_dist_m": 1.1049753722841267,
        "index_right": 8,
        "grid_x": 2,
        "grid_y": 4,
        "grid_id": "24",
        "lat": 40.779510549421815,
        "lon": -73.96904766624952,
        "cell_seq": 15,
        "grid_node_code": "24015"
      },
      "geometry": {
        "type": "Point",
        "coordinates": [
          -73.96904766624952,
          40.779510549421815
        ]
      }
    },
    {
      "type": "Feature",
      "properties": {
        "node_id": "INF_0163",
        "node_type": "infrastructure",
        "node_subtype": "tourism:information",
        "degree": null,
        "source": "infrastructure",
        "source_edge": "E14127",
        "name": "Information",
        "notes": "useful_infrastructure; tourism:information",
        "display_group": "infrastructure",
        "display_color": "#9467bd",
        "display_label": "Information / landmark",
        "infra_field": "tourism",
        "infra_type": "information",
        "infra_class": "Information / landmark",
        "infra_category": "Information / landmark",
        "infra_name": "Information",
        "display_name": "Information",
        "gate_name": null,
        "gate_name_status": null,
        "needs_gate_name_review": "False",
        "snap_dist_m": 2.473344202360599,
        "index_right": 8,
        "grid_x": 2,
        "grid_y": 4,
        "grid_id": "24",
        "lat": 40.7793462,
        "lon": -73.9689517,
        "cell_seq": 18,
        "grid_node_code": "24018"
      },
      "geometry": {
        "type": "Point",
        "coordinates": [
          -73.9689517,
          40.7793462
        ]
      }
    },
    {
      "type": "Feature",
      "properties": {
        "node_id": "INF_0323",
        "node_type": "infrastructure",
        "node_subtype": "entrance:yes",
        "degree": null,
        "source": "infrastructure",
        "source_edge": "E14127",
        "name": "Unnamed yes entrance",
        "notes": "useful_infrastructure; entrance:yes",
        "display_group": "infrastructure",
        "display_color": "#7f7f7f",
        "display_label": "Entrance / gate",
        "infra_field": "entrance",
        "infra_type": "yes",
        "infra_class": "Entrance / gate",
        "infra_category": "Entrance / gate",
        "infra_name": "Unnamed yes entrance",
        "display_name": "Unnamed yes entrance",
        "gate_name": null,
        "gate_name_status": "missing_name",
        "needs_gate_name_review": "True",
        "snap_dist_m": 0.0,
        "index_right": 8,
        "grid_x": 2,
        "grid_y": 4,
        "grid_id": "24",
        "lat": 40.7793462,
        "lon": -73.9689517,
        "cell_seq": 19,
        "grid_node_code": "24019"
      },
      "geometry": {
        "type": "Point",
        "coordinates": [
          -73.9689517,
          40.7793462
        ]
      }
    },
    {
      "type": "Feature",
      "properties": {
        "node_id": "INF_0256",
        "node_type": "infrastructure",
        "node_subtype": "amenity:shelter",
        "degree": null,
        "source": "infrastructure",
        "source_edge": "E11645",
        "name": "Shelter",
        "notes": "useful_infrastructure; amenity:shelter",
        "display_group": "infrastructure",
        "display_color": "#8c564b",
        "display_label": "Shelter",
        "infra_field": "amenity",
        "infra_type": "shelter",
        "infra_class": "Shelter",
        "infra_category": "Shelter",
        "infra_name": "Shelter",
        "display_name": "Shelter",
        "gate_name": null,
        "gate_name_status": null,
        "needs_gate_name_review": "False",
        "snap_dist_m": 1.028094753682879,
        "index_right": 8,
        "grid_x": 2,
        "grid_y": 4,
        "grid_id": "24",
        "lat": 40.77896811229648,
        "lon": -73.96964005721655,
        "cell_seq": 31,
        "grid_node_code": "24031"
      },
      "geometry": {
        "type": "Point",
        "coordinates": [
          -73.96964005721655,
          40.77896811229648
        ]
      }
    },
    {
      "type": "Feature",
      "properties": {
        "node_id": "INF_0257",
        "node_type": "infrastructure",
        "node_subtype": "amenity:shelter",
        "degree": null,
        "source": "infrastructure",
        "source_edge": "E13554",
        "name": "Shelter",
        "notes": "useful_infrastructure; amenity:shelter",
        "display_group": "infrastructure",
        "display_color": "#8c564b",
        "display_label": "Shelter",
        "infra_field": "amenity",
        "infra_type": "shelter",
        "infra_class": "Shelter",
        "infra_category": "Shelter",
        "infra_name": "Shelter",
        "display_name": "Shelter",
        "gate_name": null,
        "gate_name_status": null,
        "needs_gate_name_review": "False",
        "snap_dist_m": 7.360562296017366,
        "index_right": 8,
        "grid_x": 2,
        "grid_y": 4,
        "grid_id": "24",
        "lat": 40.77690647268605,
        "lon": -73.97103425902894,
        "cell_seq": 84,
        "grid_node_code": "24084"
      },
      "geometry": {
        "type": "Point",
        "coordinates": [
          -73.97103425902894,
          40.77690647268605
        ]
      }
    },
    {
      "type": "Feature",
      "properties": {
        "node_id": "INF_0333",
        "node_type": "infrastructure",
        "node_subtype": "tourism:viewpoint",
        "degree": null,
        "source": "infrastructure",
        "source_edge": "E11438",
        "name": "Viewpoint",
        "notes": "useful_infrastructure; tourism:viewpoint",
        "display_group": "infrastructure",
        "display_color": "#9467bd",
        "display_label": "Information / landmark",
        "infra_field": "tourism",
        "infra_type": "viewpoint",
        "infra_class": "Information / landmark",
        "infra_category": "Information / landmark",
        "infra_name": "Viewpoint",
        "display_name": "Viewpoint",
        "gate_name": null,
        "gate_name_status": null,
        "needs_gate_name_review": "False",
        "snap_dist_m": 0.0,
        "index_right": 8,
        "grid_x": 2,
        "grid_y": 4,
        "grid_id": "24",
        "lat": 40.7765196,
        "lon": -73.9719286,
        "cell_seq": 89,
        "grid_node_code": "24089"
      },
      "geometry": {
        "type": "Point",
        "coordinates": [
          -73.9719286,
          40.7765196
        ]
      }
    },
    {
      "type": "Feature",
      "properties": {
        "node_id": "INF_0016",
        "node_type": "infrastructure",
        "node_subtype": "tourism:attraction",
        "degree": null,
        "source": "infrastructure",
        "source_edge": "E02761",
        "name": "Bow Bridge",
        "notes": "useful_infrastructure; tourism:attraction",
        "display_group": "infrastructure",
        "display_color": "#9467bd",
        "display_label": "Information / landmark",
        "infra_field": "tourism",
        "infra_type": "attraction",
        "infra_class": "Information / landmark",
        "infra_category": "Information / landmark",
        "infra_name": "Bow Bridge",
        "display_name": "Bow Bridge",
        "gate_name": null,
        "gate_name_status": null,
        "needs_gate_name_review": "False",
        "snap_dist_m": 0.1873800357284146,
        "index_right": 8,
        "grid_x": 2,
        "grid_y": 4,
        "grid_id": "24",
        "lat": 40.775762773521855,
        "lon": -73.97177343600559,
        "cell_seq": 98,
        "grid_node_code": "24098"
      },
      "geometry": {
        "type": "Point",
        "coordinates": [
          -73.97177343600559,
          40.775762773521855
        ]
      }
    },
    {
      "type": "Feature",
      "properties": {
        "node_id": "INF_0028",
        "node_type": "infrastructure",
        "node_subtype": "tourism:artwork",
        "degree": null,
        "source": "infrastructure",
        "source_edge": "E00064",
        "name": "Daniel Webster",
        "notes": "useful_infrastructure; tourism:artwork",
        "display_group": "infrastructure",
        "display_color": "#9467bd",
        "display_label": "Information / landmark",
        "infra_field": "tourism",
        "infra_type": "artwork",
        "infra_class": "Information / landmark",
        "infra_category": "Information / landmark",
        "infra_name": "Daniel Webster",
        "display_name": "Daniel Webster",
        "gate_name": null,
        "gate_name_status": null,
        "needs_gate_name_review": "False",
        "snap_dist_m": 8.888360923259237,
        "index_right": 8,
        "grid_x": 2,
        "grid_y": 4,
        "grid_id": "24",
        "lat": 40.77468441491554,
        "lon": -73.97417167720549,
        "cell_seq": 109,
        "grid_node_code": "24109"
      },
      "geometry": {
        "type": "Point",
        "coordinates": [
          -73.97417167720549,
          40.77468441491554
        ]
      }
    },
    {
      "type": "Feature",
      "properties": {
        "node_id": "INF_0165",
        "node_type": "infrastructure",
        "node_subtype": "tourism:information",
        "degree": null,
        "source": "infrastructure",
        "source_edge": "E07048",
        "name": "Information",
        "notes": "useful_infrastructure; tourism:information",
        "display_group": "infrastructure",
        "display_color": "#9467bd",
        "display_label": "Information / landmark",
        "infra_field": "tourism",
        "infra_type": "information",
        "infra_class": "Information / landmark",
        "infra_category": "Information / landmark",
        "infra_name": "Information",
        "display_name": "Information",
        "gate_name": null,
        "gate_name_status": null,
        "needs_gate_name_review": "False",
        "snap_dist_m": 3.8404018357629908,
        "index_right": 8,
        "grid_x": 2,
        "grid_y": 4,
        "grid_id": "24",
        "lat": 40.77447030870862,
        "lon": -73.97363436083117,
        "cell_seq": 114,
        "grid_node_code": "24114"
      },
      "geometry": {
        "type": "Point",
        "coordinates": [
          -73.97363436083117,
          40.77447030870862
        ]
      }
    },
    {
      "type": "Feature",
      "properties": {
        "node_id": "INF_0273",
        "node_type": "infrastructure",
        "node_subtype": "tourism:artwork",
        "degree": null,
        "source": "infrastructure",
        "source_edge": "E12135",
        "name": "The Falconer",
        "notes": "useful_infrastructure; tourism:artwork",
        "display_group": "infrastructure",
        "display_color": "#9467bd",
        "display_label": "Information / landmark",
        "infra_field": "tourism",
        "infra_type": "artwork",
        "infra_class": "Information / landmark",
        "infra_category": "Information / landmark",
        "infra_name": "The Falconer",
        "display_name": "The Falconer",
        "gate_name": null,
        "gate_name_status": null,
        "needs_gate_name_review": "False",
        "snap_dist_m": 10.071322042788195,
        "index_right": 8,
        "grid_x": 2,
        "grid_y": 4,
        "grid_id": "24",
        "lat": 40.77415501717968,
        "lon": -73.97372392180203,
        "cell_seq": 121,
        "grid_node_code": "24121"
      },
      "geometry": {
        "type": "Point",
        "coordinates": [
          -73.97372392180203,
          40.77415501717968
        ]
      }
    },
    {
      "type": "Feature",
      "properties": {
        "node_id": "INF_0120",
        "node_type": "infrastructure",
        "node_subtype": "amenity:drinking_water",
        "degree": null,
        "source": "infrastructure",
        "source_edge": "E01703",
        "name": "Drinking Water",
        "notes": "useful_infrastructure; amenity:drinking_water",
        "display_group": "infrastructure",
        "display_color": "#17becf",
        "display_label": "Drinking water",
        "infra_field": "amenity",
        "infra_type": "drinking_water",
        "infra_class": "Drinking water",
        "infra_category": "Drinking water",
        "infra_name": "Drinking Water",
        "display_name": "Drinking Water",
        "gate_name": null,
        "gate_name_status": null,
        "needs_gate_name_review": "False",
        "snap_dist_m": 21.30203341574985,
        "index_right": 9,
        "grid_x": 2,
        "grid_y": 5,
        "grid_id": "25",
        "lat": 40.780596563294885,
        "lon": -73.97199309011887,
        "cell_seq": 1,
        "grid_node_code": "25001"
      },
      "geometry": {
        "type": "Point",
        "coordinates": [
          -73.97199309011887,
          40.780596563294885
        ]
      }
    },
    {
      "type": "Feature",
      "properties": {
        "node_id": "INF_0082",
        "node_type": "infrastructure",
        "node_subtype": "amenity:drinking_water",
        "degree": null,
        "source": "infrastructure",
        "source_edge": "E11707",
        "name": "Drinking Water",
        "notes": "useful_infrastructure; amenity:drinking_water",
        "display_group": "infrastructure",
        "display_color": "#17becf",
        "display_label": "Drinking water",
        "infra_field": "amenity",
        "infra_type": "drinking_water",
        "infra_class": "Drinking water",
        "infra_category": "Drinking water",
        "infra_name": "Drinking Water",
        "display_name": "Drinking Water",
        "gate_name": null,
        "gate_name_status": null,
        "needs_gate_name_review": "False",
        "snap_dist_m": 3.6775261202853806,
        "index_right": 9,
        "grid_x": 2,
        "grid_y": 5,
        "grid_id": "25",
        "lat": 40.779670823172694,
        "lon": -73.97133193917222,
        "cell_seq": 15,
        "grid_node_code": "25015"
      },
      "geometry": {
        "type": "Point",
        "coordinates": [
          -73.97133193917222,
          40.779670823172694
        ]
      }
    },
    {
      "type": "Feature",
      "properties": {
        "node_id": "INF_0006",
        "node_type": "infrastructure",
        "node_subtype": "tourism:artwork",
        "degree": null,
        "source": "infrastructure",
        "source_edge": "E07126",
        "name": "Alexander von Humboldt",
        "notes": "useful_infrastructure; tourism:artwork",
        "display_group": "infrastructure",
        "display_color": "#9467bd",
        "display_label": "Information / landmark",
        "infra_field": "tourism",
        "infra_type": "artwork",
        "infra_class": "Information / landmark",
        "infra_category": "Information / landmark",
        "infra_name": "Alexander von Humboldt",
        "display_name": "Alexander von Humboldt",
        "gate_name": null,
        "gate_name_status": null,
        "needs_gate_name_review": "False",
        "snap_dist_m": 12.640735236778074,
        "index_right": 9,
        "grid_x": 2,
        "grid_y": 5,
        "grid_id": "25",
        "lat": 40.77940491920772,
        "lon": -73.97316766122151,
        "cell_seq": 18,
        "grid_node_code": "25018"
      },
      "geometry": {
        "type": "Point",
        "coordinates": [
          -73.97316766122151,
          40.77940491920772
        ]
      }
    },
    {
      "type": "Feature",
      "properties": {
        "node_id": "INF_0049",
        "node_type": "infrastructure",
        "node_subtype": "amenity:drinking_water",
        "degree": null,
        "source": "infrastructure",
        "source_edge": "E11405",
        "name": "Drinking Water",
        "notes": "useful_infrastructure; amenity:drinking_water",
        "display_group": "infrastructure",
        "display_color": "#17becf",
        "display_label": "Drinking water",
        "infra_field": "amenity",
        "infra_type": "drinking_water",
        "infra_class": "Drinking water",
        "infra_category": "Drinking water",
        "infra_name": "Drinking Water",
        "display_name": "Drinking Water",
        "gate_name": null,
        "gate_name_status": null,
        "needs_gate_name_review": "False",
        "snap_dist_m": 2.0562130522853255,
        "index_right": 9,
        "grid_x": 2,
        "grid_y": 5,
        "grid_id": "25",
        "lat": 40.77880149689086,
        "lon": -73.97196334481238,
        "cell_seq": 24,
        "grid_node_code": "25024"
      },
      "geometry": {
        "type": "Point",
        "coordinates": [
          -73.97196334481238,
          40.77880149689086
        ]
      }
    },
    {
      "type": "Feature",
      "properties": {
        "node_id": "INF_0077",
        "node_type": "infrastructure",
        "node_subtype": "amenity:drinking_water",
        "degree": null,
        "source": "infrastructure",
        "source_edge": "E08922",
        "name": "Drinking Water",
        "notes": "useful_infrastructure; amenity:drinking_water",
        "display_group": "infrastructure",
        "display_color": "#17becf",
        "display_label": "Drinking water",
        "infra_field": "amenity",
        "infra_type": "drinking_water",
        "infra_class": "Drinking water",
        "infra_category": "Drinking water",
        "infra_name": "Drinking Water",
        "display_name": "Drinking Water",
        "gate_name": null,
        "gate_name_status": null,
        "needs_gate_name_review": "False",
        "snap_dist_m": 3.213496732637746,
        "index_right": 9,
        "grid_x": 2,
        "grid_y": 5,
        "grid_id": "25",
        "lat": 40.77611433014,
        "lon": -73.9754367487258,
        "cell_seq": 48,
        "grid_node_code": "25048"
      },
      "geometry": {
        "type": "Point",
        "coordinates": [
          -73.9754367487258,
          40.77611433014
        ]
      }
    },
    {
      "type": "Feature",
      "properties": {
        "node_id": "INF_0170",
        "node_type": "infrastructure",
        "node_subtype": "tourism:artwork",
        "degree": null,
        "source": "infrastructure",
        "source_edge": "E08442",
        "name": "John Lennon's Imagine",
        "notes": "useful_infrastructure; tourism:artwork",
        "display_group": "infrastructure",
        "display_color": "#9467bd",
        "display_label": "Information / landmark",
        "infra_field": "tourism",
        "infra_type": "artwork",
        "infra_class": "Information / landmark",
        "infra_category": "Information / landmark",
        "infra_name": "John Lennon's Imagine",
        "display_name": "John Lennon's Imagine",
        "gate_name": null,
        "gate_name_status": null,
        "needs_gate_name_review": "False",
        "snap_dist_m": 4.438443818295916,
        "index_right": 9,
        "grid_x": 2,
        "grid_y": 5,
        "grid_id": "25",
        "lat": 40.77576378192375,
        "lon": -73.9751708245476,
        "cell_seq": 57,
        "grid_node_code": "25057"
      },
      "geometry": {
        "type": "Point",
        "coordinates": [
          -73.9751708245476,
          40.77576378192375
        ]
      }
    },
    {
      "type": "Feature",
      "properties": {
        "node_id": "INF_0298",
        "node_type": "infrastructure",
        "node_subtype": "amenity:toilets",
        "degree": null,
        "source": "infrastructure",
        "source_edge": "E13502",
        "name": "Toilets",
        "notes": "useful_infrastructure; amenity:toilets",
        "display_group": "infrastructure",
        "display_color": "#1f77b4",
        "display_label": "Restroom",
        "infra_field": "amenity",
        "infra_type": "toilets",
        "infra_class": "Restroom",
        "infra_category": "Restroom",
        "infra_name": "Toilets",
        "display_name": "Toilets",
        "gate_name": null,
        "gate_name_status": null,
        "needs_gate_name_review": "False",
        "snap_dist_m": 44.67343651310508,
        "index_right": 10,
        "grid_x": 3,
        "grid_y": 1,
        "grid_id": "31",
        "lat": 40.78133197819726,
        "lon": -73.96132021470801,
        "cell_seq": 11,
        "grid_node_code": "31011"
      },
      "geometry": {
        "type": "Point",
        "coordinates": [
          -73.96132021470801,
          40.78133197819726
        ]
      }
    },
    {
      "type": "Feature",
      "properties": {
        "node_id": "INF_0009",
        "node_type": "infrastructure",
        "node_subtype": "leisure:playground",
        "degree": null,
        "source": "infrastructure",
        "source_edge": "E12541",
        "name": "Ancient Playground",
        "notes": "useful_infrastructure; leisure:playground",
        "display_group": "infrastructure",
        "display_color": "#e377c2",
        "display_label": "Recreation",
        "infra_field": "leisure",
        "infra_type": "playground",
        "infra_class": "Recreation",
        "infra_category": "Recreation",
        "infra_name": "Ancient Playground",
        "display_name": "Ancient Playground",
        "gate_name": null,
        "gate_name_status": null,
        "needs_gate_name_review": "False",
        "snap_dist_m": 29.363063138587115,
        "index_right": 10,
        "grid_x": 3,
        "grid_y": 1,
        "grid_id": "31",
        "lat": 40.78064222836441,
        "lon": -73.96193166740437,
        "cell_seq": 13,
        "grid_node_code": "31013"
      },
      "geometry": {
        "type": "Point",
        "coordinates": [
          -73.96193166740437,
          40.78064222836441
        ]
      }
    },
    {
      "type": "Feature",
      "properties": {
        "node_id": "INF_0008",
        "node_type": "infrastructure",
        "node_subtype": "amenity:cafe",
        "degree": null,
        "source": "infrastructure",
        "source_edge": "E01907",
        "name": "American Wing Caf\u00e9",
        "notes": "useful_infrastructure; amenity:cafe",
        "display_group": "infrastructure",
        "display_color": "#ff7f0e",
        "display_label": "Food / cafe",
        "infra_field": "amenity",
        "infra_type": "cafe",
        "infra_class": "Food / cafe",
        "infra_category": "Food / cafe",
        "infra_name": "American Wing Caf\u00e9",
        "display_name": "American Wing Caf\u00e9",
        "gate_name": null,
        "gate_name_status": null,
        "needs_gate_name_review": "False",
        "snap_dist_m": 8.155956987355122,
        "index_right": 10,
        "grid_x": 3,
        "grid_y": 1,
        "grid_id": "31",
        "lat": 40.7802836,
        "lon": -73.9636905,
        "cell_seq": 14,
        "grid_node_code": "31014"
      },
      "geometry": {
        "type": "Point",
        "coordinates": [
          -73.9636905,
          40.78028360000001
        ]
      }
    },
    {
      "type": "Feature",
      "properties": {
        "node_id": "INF_0321",
        "node_type": "infrastructure",
        "node_subtype": "entrance:main",
        "degree": null,
        "source": "infrastructure",
        "source_edge": "E13804",
        "name": "Unnamed main entrance",
        "notes": "useful_infrastructure; entrance:main",
        "display_group": "infrastructure",
        "display_color": "#7f7f7f",
        "display_label": "Entrance / gate",
        "infra_field": "entrance",
        "infra_type": "main",
        "infra_class": "Entrance / gate",
        "infra_category": "Entrance / gate",
        "infra_name": "Unnamed main entrance",
        "display_name": "Unnamed main entrance",
        "gate_name": null,
        "gate_name_status": "missing_name",
        "needs_gate_name_review": "True",
        "snap_dist_m": 21.67654416341239,
        "index_right": 10,
        "grid_x": 3,
        "grid_y": 1,
        "grid_id": "31",
        "lat": 40.779250047176504,
        "lon": -73.96226094454391,
        "cell_seq": 16,
        "grid_node_code": "31016"
      },
      "geometry": {
        "type": "Point",
        "coordinates": [
          -73.96226094454391,
          40.779250047176504
        ]
      }
    },
    {
      "type": "Feature",
      "properties": {
        "node_id": "INF_0275",
        "node_type": "infrastructure",
        "node_subtype": "tourism:museum",
        "degree": null,
        "source": "infrastructure",
        "source_edge": "E13803",
        "name": "The Metropolitan Museum of Art",
        "notes": "useful_infrastructure; tourism:museum",
        "display_group": "infrastructure",
        "display_color": "#9467bd",
        "display_label": "Information / landmark",
        "infra_field": "tourism",
        "infra_type": "museum",
        "infra_class": "Information / landmark",
        "infra_category": "Information / landmark",
        "infra_name": "The Metropolitan Museum of Art",
        "display_name": "The Metropolitan Museum of Art",
        "gate_name": null,
        "gate_name_status": null,
        "needs_gate_name_review": "False",
        "snap_dist_m": 93.04717331815606,
        "index_right": 10,
        "grid_x": 3,
        "grid_y": 1,
        "grid_id": "31",
        "lat": 40.77903511823452,
        "lon": -73.96241678016959,
        "cell_seq": 17,
        "grid_node_code": "31017"
      },
      "geometry": {
        "type": "Point",
        "coordinates": [
          -73.96241678016959,
          40.77903511823452
        ]
      }
    },
    {
      "type": "Feature",
      "properties": {
        "node_id": "INF_0322",
        "node_type": "infrastructure",
        "node_subtype": "entrance:main",
        "degree": null,
        "source": "infrastructure",
        "source_edge": "E13803",
        "name": "Unnamed main entrance",
        "notes": "useful_infrastructure; entrance:main",
        "display_group": "infrastructure",
        "display_color": "#7f7f7f",
        "display_label": "Entrance / gate",
        "infra_field": "entrance",
        "infra_type": "main",
        "infra_class": "Entrance / gate",
        "infra_category": "Entrance / gate",
        "infra_name": "Unnamed main entrance",
        "display_name": "Unnamed main entrance",
        "gate_name": null,
        "gate_name_status": "missing_name",
        "needs_gate_name_review": "True",
        "snap_dist_m": 21.748418489876403,
        "index_right": 10,
        "grid_x": 3,
        "grid_y": 1,
        "grid_id": "31",
        "lat": 40.77902545759204,
        "lon": -73.96242378276519,
        "cell_seq": 18,
        "grid_node_code": "31018"
      },
      "geometry": {
        "type": "Point",
        "coordinates": [
          -73.96242378276519,
          40.77902545759204
        ]
      }
    },
    {
      "type": "Feature",
      "properties": {
        "node_id": "INF_0329",
        "node_type": "infrastructure",
        "node_subtype": "entrance:yes",
        "degree": null,
        "source": "infrastructure",
        "source_edge": "E13801",
        "name": "Unnamed yes entrance",
        "notes": "useful_infrastructure; entrance:yes",
        "display_group": "infrastructure",
        "display_color": "#7f7f7f",
        "display_label": "Entrance / gate",
        "infra_field": "entrance",
        "infra_type": "yes",
        "infra_class": "Entrance / gate",
        "infra_category": "Entrance / gate",
        "infra_name": "Unnamed yes entrance",
        "display_name": "Unnamed yes entrance",
        "gate_name": null,
        "gate_name_status": "missing_name",
        "needs_gate_name_review": "True",
        "snap_dist_m": 24.891643525372764,
        "index_right": 10,
        "grid_x": 3,
        "grid_y": 1,
        "grid_id": "31",
        "lat": 40.77861791340646,
        "lon": -73.96272103040752,
        "cell_seq": 19,
        "grid_node_code": "31019"
      },
      "geometry": {
        "type": "Point",
        "coordinates": [
          -73.96272103040752,
          40.77861791340646
        ]
      }
    },
    {
      "type": "Feature",
      "properties": {
        "node_id": "INF_0166",
        "node_type": "infrastructure",
        "node_subtype": "tourism:information",
        "degree": null,
        "source": "infrastructure",
        "source_edge": "E01843",
        "name": "Information",
        "notes": "useful_infrastructure; tourism:information",
        "display_group": "infrastructure",
        "display_color": "#9467bd",
        "display_label": "Information / landmark",
        "infra_field": "tourism",
        "infra_type": "information",
        "infra_class": "Information / landmark",
        "infra_category": "Information / landmark",
        "infra_name": "Information",
        "display_name": "Information",
        "gate_name": null,
        "gate_name_status": null,
        "needs_gate_name_review": "False",
        "snap_dist_m": 5.142314980897398,
        "index_right": 10,
        "grid_x": 3,
        "grid_y": 1,
        "grid_id": "31",
        "lat": 40.778213404316396,
        "lon": -73.96486056075489,
        "cell_seq": 20,
        "grid_node_code": "31020"
      },
      "geometry": {
        "type": "Point",
        "coordinates": [
          -73.96486056075489,
          40.778213404316396
        ]
      }
    },
    {
      "type": "Feature",
      "properties": {
        "node_id": "INF_0146",
        "node_type": "infrastructure",
        "node_subtype": "tourism:artwork",
        "degree": null,
        "source": "infrastructure",
        "source_edge": "E09398",
        "name": "Group of Bears",
        "notes": "useful_infrastructure; tourism:artwork",
        "display_group": "infrastructure",
        "display_color": "#9467bd",
        "display_label": "Information / landmark",
        "infra_field": "tourism",
        "infra_type": "artwork",
        "infra_class": "Information / landmark",
        "infra_category": "Information / landmark",
        "infra_name": "Group of Bears",
        "display_name": "Group of Bears",
        "gate_name": null,
        "gate_name_status": null,
        "needs_gate_name_review": "False",
        "snap_dist_m": 58.658235348251445,
        "index_right": 10,
        "grid_x": 3,
        "grid_y": 1,
        "grid_id": "31",
        "lat": 40.7777581,
        "lon": -73.9633389,
        "cell_seq": 21,
        "grid_node_code": "31021"
      },
      "geometry": {
        "type": "Point",
        "coordinates": [
          -73.96333890000001,
          40.7777581
        ]
      }
    },
    {
      "type": "Feature",
      "properties": {
        "node_id": "INF_0251",
        "node_type": "infrastructure",
        "node_subtype": "leisure:playground",
        "degree": null,
        "source": "infrastructure",
        "source_edge": "E09398",
        "name": "Ruth and Arthur Smadbeck-Heckscher East Playground",
        "notes": "useful_infrastructure; leisure:playground",
        "display_group": "infrastructure",
        "display_color": "#e377c2",
        "display_label": "Recreation",
        "infra_field": "leisure",
        "infra_type": "playground",
        "infra_class": "Recreation",
        "infra_category": "Recreation",
        "infra_name": "Ruth and Arthur Smadbeck-Heckscher East Playground",
        "display_name": "Ruth and Arthur Smadbeck-Heckscher East Playground",
        "gate_name": null,
        "gate_name_status": null,
        "needs_gate_name_review": "False",
        "snap_dist_m": 57.53336731757773,
        "index_right": 10,
        "grid_x": 3,
        "grid_y": 1,
        "grid_id": "31",
        "lat": 40.7777581,
        "lon": -73.9633389,
        "cell_seq": 22,
        "grid_node_code": "31022"
      },
      "geometry": {
        "type": "Point",
        "coordinates": [
          -73.96333890000001,
          40.7777581
        ]
      }
    },
    {
      "type": "Feature",
      "properties": {
        "node_id": "INF_0051",
        "node_type": "infrastructure",
        "node_subtype": "amenity:drinking_water",
        "degree": null,
        "source": "infrastructure",
        "source_edge": "E07181",
        "name": "Drinking Water",
        "notes": "useful_infrastructure; amenity:drinking_water",
        "display_group": "infrastructure",
        "display_color": "#17becf",
        "display_label": "Drinking water",
        "infra_field": "amenity",
        "infra_type": "drinking_water",
        "infra_class": "Drinking water",
        "infra_category": "Drinking water",
        "infra_name": "Drinking Water",
        "display_name": "Drinking Water",
        "gate_name": null,
        "gate_name_status": null,
        "needs_gate_name_review": "False",
        "snap_dist_m": 2.2881298633997913,
        "index_right": 11,
        "grid_x": 3,
        "grid_y": 2,
        "grid_id": "32",
        "lat": 40.78217029791369,
        "lon": -73.96255323474358,
        "cell_seq": 2,
        "grid_node_code": "32002"
      },
      "geometry": {
        "type": "Point",
        "coordinates": [
          -73.96255323474358,
          40.78217029791369
        ]
      }
    },
    {
      "type": "Feature",
      "properties": {
        "node_id": "INF_0320",
        "node_type": "infrastructure",
        "node_subtype": "entrance:main",
        "degree": null,
        "source": "infrastructure",
        "source_edge": "E07181",
        "name": "Unnamed main entrance",
        "notes": "useful_infrastructure; entrance:main",
        "display_group": "infrastructure",
        "display_color": "#7f7f7f",
        "display_label": "Entrance / gate",
        "infra_field": "entrance",
        "infra_type": "main",
        "infra_class": "Entrance / gate",
        "infra_category": "Entrance / gate",
        "infra_name": "Unnamed main entrance",
        "display_name": "Unnamed main entrance",
        "gate_name": null,
        "gate_name_status": "missing_name",
        "needs_gate_name_review": "True",
        "snap_dist_m": 3.215466431717697,
        "index_right": 11,
        "grid_x": 3,
        "grid_y": 2,
        "grid_id": "32",
        "lat": 40.782163985702084,
        "lon": -73.96254040646653,
        "cell_seq": 3,
        "grid_node_code": "32003"
      },
      "geometry": {
        "type": "Point",
        "coordinates": [
          -73.96254040646653,
          40.782163985702084
        ]
      }
    },
    {
      "type": "Feature",
      "properties": {
        "node_id": "INF_0053",
        "node_type": "infrastructure",
        "node_subtype": "amenity:drinking_water",
        "degree": null,
        "source": "infrastructure",
        "source_edge": "E02487",
        "name": "Drinking Water",
        "notes": "useful_infrastructure; amenity:drinking_water",
        "display_group": "infrastructure",
        "display_color": "#17becf",
        "display_label": "Drinking water",
        "infra_field": "amenity",
        "infra_type": "drinking_water",
        "infra_class": "Drinking water",
        "infra_category": "Drinking water",
        "infra_name": "Drinking Water",
        "display_name": "Drinking Water",
        "gate_name": null,
        "gate_name_status": null,
        "needs_gate_name_review": "False",
        "snap_dist_m": 2.3157907497295693,
        "index_right": 11,
        "grid_x": 3,
        "grid_y": 2,
        "grid_id": "32",
        "lat": 40.781565136474825,
        "lon": -73.9633003095493,
        "cell_seq": 11,
        "grid_node_code": "32011"
      },
      "geometry": {
        "type": "Point",
        "coordinates": [
          -73.9633003095493,
          40.781565136474825
        ]
      }
    },
    {
      "type": "Feature",
      "properties": {
        "node_id": "INF_0070",
        "node_type": "infrastructure",
        "node_subtype": "amenity:drinking_water",
        "degree": null,
        "source": "infrastructure",
        "source_edge": "E02461",
        "name": "Drinking Water",
        "notes": "useful_infrastructure; amenity:drinking_water",
        "display_group": "infrastructure",
        "display_color": "#17becf",
        "display_label": "Drinking water",
        "infra_field": "amenity",
        "infra_type": "drinking_water",
        "infra_class": "Drinking water",
        "infra_category": "Drinking water",
        "infra_name": "Drinking Water",
        "display_name": "Drinking Water",
        "gate_name": null,
        "gate_name_status": null,
        "needs_gate_name_review": "False",
        "snap_dist_m": 2.87819107746163,
        "index_right": 11,
        "grid_x": 3,
        "grid_y": 2,
        "grid_id": "32",
        "lat": 40.7815651,
        "lon": -73.9639319,
        "cell_seq": 12,
        "grid_node_code": "32012"
      },
      "geometry": {
        "type": "Point",
        "coordinates": [
          -73.9639319,
          40.7815651
        ]
      }
    },
    {
      "type": "Feature",
      "properties": {
        "node_id": "INF_0139",
        "node_type": "infrastructure",
        "node_subtype": "leisure:pitch",
        "degree": null,
        "source": "infrastructure",
        "source_edge": "E01751",
        "name": "Great Lawn Ball Field 4",
        "notes": "useful_infrastructure; leisure:pitch",
        "display_group": "infrastructure",
        "display_color": "#e377c2",
        "display_label": "Recreation",
        "infra_field": "leisure",
        "infra_type": "pitch",
        "infra_class": "Recreation",
        "infra_category": "Recreation",
        "infra_name": "Great Lawn Ball Field 4",
        "display_name": "Great Lawn Ball Field 4",
        "gate_name": null,
        "gate_name_status": null,
        "needs_gate_name_review": "False",
        "snap_dist_m": 53.5620981533255,
        "index_right": 11,
        "grid_x": 3,
        "grid_y": 2,
        "grid_id": "32",
        "lat": 40.781235870204334,
        "lon": -73.96522519306475,
        "cell_seq": 20,
        "grid_node_code": "32020"
      },
      "geometry": {
        "type": "Point",
        "coordinates": [
          -73.96522519306475,
          40.781235870204334
        ]
      }
    },
    {
      "type": "Feature",
      "properties": {
        "node_id": "INF_0088",
        "node_type": "infrastructure",
        "node_subtype": "amenity:drinking_water",
        "degree": null,
        "source": "infrastructure",
        "source_edge": "E01911",
        "name": "Drinking Water",
        "notes": "useful_infrastructure; amenity:drinking_water",
        "display_group": "infrastructure",
        "display_color": "#17becf",
        "display_label": "Drinking water",
        "infra_field": "amenity",
        "infra_type": "drinking_water",
        "infra_class": "Drinking water",
        "infra_category": "Drinking water",
        "infra_name": "Drinking Water",
        "display_name": "Drinking Water",
        "gate_name": null,
        "gate_name_status": null,
        "needs_gate_name_review": "False",
        "snap_dist_m": 4.53772059830926,
        "index_right": 11,
        "grid_x": 3,
        "grid_y": 2,
        "grid_id": "32",
        "lat": 40.78122884285036,
        "lon": -73.96351171844725,
        "cell_seq": 21,
        "grid_node_code": "32021"
      },
      "geometry": {
        "type": "Point",
        "coordinates": [
          -73.96351171844725,
          40.78122884285036
        ]
      }
    },
    {
      "type": "Feature",
      "properties": {
        "node_id": "INF_0005",
        "node_type": "infrastructure",
        "node_subtype": "tourism:artwork",
        "degree": null,
        "source": "infrastructure",
        "source_edge": "E08550",
        "name": "Alexander Hamilton",
        "notes": "useful_infrastructure; tourism:artwork",
        "display_group": "infrastructure",
        "display_color": "#9467bd",
        "display_label": "Information / landmark",
        "infra_field": "tourism",
        "infra_type": "artwork",
        "infra_class": "Information / landmark",
        "infra_category": "Information / landmark",
        "infra_name": "Alexander Hamilton",
        "display_name": "Alexander Hamilton",
        "gate_name": null,
        "gate_name_status": null,
        "needs_gate_name_review": "False",
        "snap_dist_m": 28.319751941304062,
        "index_right": 11,
        "grid_x": 3,
        "grid_y": 2,
        "grid_id": "32",
        "lat": 40.78118222148533,
        "lon": -73.96484418712323,
        "cell_seq": 23,
        "grid_node_code": "32023"
      },
      "geometry": {
        "type": "Point",
        "coordinates": [
          -73.96484418712323,
          40.78118222148533
        ]
      }
    },
    {
      "type": "Feature",
      "properties": {
        "node_id": "INF_0071",
        "node_type": "infrastructure",
        "node_subtype": "amenity:drinking_water",
        "degree": null,
        "source": "infrastructure",
        "source_edge": "E05694",
        "name": "Drinking Water",
        "notes": "useful_infrastructure; amenity:drinking_water",
        "display_group": "infrastructure",
        "display_color": "#17becf",
        "display_label": "Drinking water",
        "infra_field": "amenity",
        "infra_type": "drinking_water",
        "infra_class": "Drinking water",
        "infra_category": "Drinking water",
        "infra_name": "Drinking Water",
        "display_name": "Drinking Water",
        "gate_name": null,
        "gate_name_status": null,
        "needs_gate_name_review": "False",
        "snap_dist_m": 2.952417411786392,
        "index_right": 11,
        "grid_x": 3,
        "grid_y": 2,
        "grid_id": "32",
        "lat": 40.78037880111311,
        "lon": -73.96536990530544,
        "cell_seq": 27,
        "grid_node_code": "32027"
      },
      "geometry": {
        "type": "Point",
        "coordinates": [
          -73.96536990530544,
          40.78037880111311
        ]
      }
    },
    {
      "type": "Feature",
      "properties": {
        "node_id": "INF_0025",
        "node_type": "infrastructure",
        "node_subtype": "tourism:attraction",
        "degree": null,
        "source": "infrastructure",
        "source_edge": "E05674",
        "name": "Cleopatra's Needle",
        "notes": "useful_infrastructure; tourism:attraction",
        "display_group": "infrastructure",
        "display_color": "#9467bd",
        "display_label": "Information / landmark",
        "infra_field": "tourism",
        "infra_type": "attraction",
        "infra_class": "Information / landmark",
        "infra_category": "Information / landmark",
        "infra_name": "Cleopatra's Needle",
        "display_name": "Cleopatra's Needle",
        "gate_name": null,
        "gate_name_status": null,
        "needs_gate_name_review": "False",
        "snap_dist_m": 13.145216209774212,
        "index_right": 11,
        "grid_x": 3,
        "grid_y": 2,
        "grid_id": "32",
        "lat": 40.7797399,
        "lon": -73.9654708,
        "cell_seq": 31,
        "grid_node_code": "32031"
      },
      "geometry": {
        "type": "Point",
        "coordinates": [
          -73.9654708,
          40.7797399
        ]
      }
    },
    {
      "type": "Feature",
      "properties": {
        "node_id": "INF_0180",
        "node_type": "infrastructure",
        "node_subtype": "amenity:restaurant",
        "degree": null,
        "source": "infrastructure",
        "source_edge": "E13955",
        "name": "Met Dining Room",
        "notes": "useful_infrastructure; amenity:restaurant",
        "display_group": "infrastructure",
        "display_color": "#ff7f0e",
        "display_label": "Food / cafe",
        "infra_field": "amenity",
        "infra_type": "restaurant",
        "infra_class": "Food / cafe",
        "infra_category": "Food / cafe",
        "infra_name": "Met Dining Room",
        "display_name": "Met Dining Room",
        "gate_name": null,
        "gate_name_status": null,
        "needs_gate_name_review": "False",
        "snap_dist_m": 24.81984256021047,
        "index_right": 11,
        "grid_x": 3,
        "grid_y": 2,
        "grid_id": "32",
        "lat": 40.7790734,
        "lon": -73.9646407,
        "cell_seq": 40,
        "grid_node_code": "32040"
      },
      "geometry": {
        "type": "Point",
        "coordinates": [
          -73.9646407,
          40.7790734
        ]
      }
    },
    {
      "type": "Feature",
      "properties": {
        "node_id": "INF_0205",
        "node_type": "infrastructure",
        "node_subtype": "amenity:cafe",
        "degree": null,
        "source": "infrastructure",
        "source_edge": "E13955",
        "name": "Petrie Court Caf\u00e9",
        "notes": "useful_infrastructure; amenity:cafe",
        "display_group": "infrastructure",
        "display_color": "#ff7f0e",
        "display_label": "Food / cafe",
        "infra_field": "amenity",
        "infra_type": "cafe",
        "infra_class": "Food / cafe",
        "infra_category": "Food / cafe",
        "infra_name": "Petrie Court Caf\u00e9",
        "display_name": "Petrie Court Caf\u00e9",
        "gate_name": null,
        "gate_name_status": null,
        "needs_gate_name_review": "False",
        "snap_dist_m": 18.278951792889146,
        "index_right": 11,
        "grid_x": 3,
        "grid_y": 2,
        "grid_id": "32",
        "lat": 40.7790734,
        "lon": -73.9646407,
        "cell_seq": 41,
        "grid_node_code": "32041"
      },
      "geometry": {
        "type": "Point",
        "coordinates": [
          -73.9646407,
          40.7790734
        ]
      }
    },
    {
      "type": "Feature",
      "properties": {
        "node_id": "INF_0346",
        "node_type": "infrastructure",
        "node_subtype": "tourism:viewpoint",
        "degree": null,
        "source": "infrastructure",
        "source_edge": "E02414",
        "name": "Viewpoint",
        "notes": "useful_infrastructure; tourism:viewpoint",
        "display_group": "infrastructure",
        "display_color": "#9467bd",
        "display_label": "Information / landmark",
        "infra_field": "tourism",
        "infra_type": "viewpoint",
        "infra_class": "Information / landmark",
        "infra_category": "Information / landmark",
        "infra_name": "Viewpoint",
        "display_name": "Viewpoint",
        "gate_name": null,
        "gate_name_status": null,
        "needs_gate_name_review": "False",
        "snap_dist_m": 13.291001767891714,
        "index_right": 11,
        "grid_x": 3,
        "grid_y": 2,
        "grid_id": "32",
        "lat": 40.7789866,
        "lon": -73.9668077,
        "cell_seq": 44,
        "grid_node_code": "32044"
      },
      "geometry": {
        "type": "Point",
        "coordinates": [
          -73.9668077,
          40.7789866
        ]
      }
    },
    {
      "type": "Feature",
      "properties": {
        "node_id": "INF_0174",
        "node_type": "infrastructure",
        "node_subtype": "tourism:artwork",
        "degree": null,
        "source": "infrastructure",
        "source_edge": "E02416",
        "name": "King Jagiello Monument",
        "notes": "useful_infrastructure; tourism:artwork",
        "display_group": "infrastructure",
        "display_color": "#9467bd",
        "display_label": "Information / landmark",
        "infra_field": "tourism",
        "infra_type": "artwork",
        "infra_class": "Information / landmark",
        "infra_category": "Information / landmark",
        "infra_name": "King Jagiello Monument",
        "display_name": "King Jagiello Monument",
        "gate_name": null,
        "gate_name_status": null,
        "needs_gate_name_review": "False",
        "snap_dist_m": 6.183861673872214,
        "index_right": 11,
        "grid_x": 3,
        "grid_y": 2,
        "grid_id": "32",
        "lat": 40.7789566,
        "lon": -73.9667393,
        "cell_seq": 47,
        "grid_node_code": "32047"
      },
      "geometry": {
        "type": "Point",
        "coordinates": [
          -73.9667393,
          40.7789566
        ]
      }
    },
    {
      "type": "Feature",
      "properties": {
        "node_id": "INF_0308",
        "node_type": "infrastructure",
        "node_subtype": "barrier:gate",
        "degree": null,
        "source": "infrastructure",
        "source_edge": "E14099",
        "name": "Unnamed gate",
        "notes": "useful_infrastructure; barrier:gate",
        "display_group": "infrastructure",
        "display_color": "#7f7f7f",
        "display_label": "Entrance / gate",
        "infra_field": "barrier",
        "infra_type": "gate",
        "infra_class": "Entrance / gate",
        "infra_category": "Entrance / gate",
        "infra_name": "Unnamed gate",
        "display_name": "Unnamed gate",
        "gate_name": null,
        "gate_name_status": "missing_name",
        "needs_gate_name_review": "True",
        "snap_dist_m": 0.0,
        "index_right": 12,
        "grid_x": 3,
        "grid_y": 3,
        "grid_id": "33",
        "lat": 40.7834051,
        "lon": -73.9643465,
        "cell_seq": 20,
        "grid_node_code": "33020"
      },
      "geometry": {
        "type": "Point",
        "coordinates": [
          -73.9643465,
          40.78340510000001
        ]
      }
    },
    {
      "type": "Feature",
      "properties": {
        "node_id": "INF_0142",
        "node_type": "infrastructure",
        "node_subtype": "leisure:pitch",
        "degree": null,
        "source": "infrastructure",
        "source_edge": "E08596",
        "name": "Great Lawn Ball Field 7",
        "notes": "useful_infrastructure; leisure:pitch",
        "display_group": "infrastructure",
        "display_color": "#e377c2",
        "display_label": "Recreation",
        "infra_field": "leisure",
        "infra_type": "pitch",
        "infra_class": "Recreation",
        "infra_category": "Recreation",
        "infra_name": "Great Lawn Ball Field 7",
        "display_name": "Great Lawn Ball Field 7",
        "gate_name": null,
        "gate_name_status": null,
        "needs_gate_name_review": "False",
        "snap_dist_m": 17.044298066793747,
        "index_right": 12,
        "grid_x": 3,
        "grid_y": 3,
        "grid_id": "33",
        "lat": 40.78338847081861,
        "lon": -73.96530135369824,
        "cell_seq": 21,
        "grid_node_code": "33021"
      },
      "geometry": {
        "type": "Point",
        "coordinates": [
          -73.96530135369824,
          40.78338847081861
        ]
      }
    },
    {
      "type": "Feature",
      "properties": {
        "node_id": "INF_0238",
        "node_type": "infrastructure",
        "node_subtype": "leisure:pitch",
        "degree": null,
        "source": "infrastructure",
        "source_edge": "E08598",
        "name": "Pitch",
        "notes": "useful_infrastructure; leisure:pitch",
        "display_group": "infrastructure",
        "display_color": "#e377c2",
        "display_label": "Recreation",
        "infra_field": "leisure",
        "infra_type": "pitch",
        "infra_class": "Recreation",
        "infra_category": "Recreation",
        "infra_name": "Pitch",
        "display_name": "Pitch",
        "gate_name": null,
        "gate_name_status": null,
        "needs_gate_name_review": "False",
        "snap_dist_m": 45.51941174470563,
        "index_right": 12,
        "grid_x": 3,
        "grid_y": 3,
        "grid_id": "33",
        "lat": 40.7832605,
        "lon": -73.9650751,
        "cell_seq": 22,
        "grid_node_code": "33022"
      },
      "geometry": {
        "type": "Point",
        "coordinates": [
          -73.9650751,
          40.7832605
        ]
      }
    },
    {
      "type": "Feature",
      "properties": {
        "node_id": "INF_0211",
        "node_type": "infrastructure",
        "node_subtype": "leisure:pitch",
        "degree": null,
        "source": "infrastructure",
        "source_edge": "E12655",
        "name": "Pitch",
        "notes": "useful_infrastructure; leisure:pitch",
        "display_group": "infrastructure",
        "display_color": "#e377c2",
        "display_label": "Recreation",
        "infra_field": "leisure",
        "infra_type": "pitch",
        "infra_class": "Recreation",
        "infra_category": "Recreation",
        "infra_name": "Pitch",
        "display_name": "Pitch",
        "gate_name": null,
        "gate_name_status": null,
        "needs_gate_name_review": "False",
        "snap_dist_m": 10.746488922041873,
        "index_right": 12,
        "grid_x": 3,
        "grid_y": 3,
        "grid_id": "33",
        "lat": 40.7827864,
        "lon": -73.9642351,
        "cell_seq": 25,
        "grid_node_code": "33025"
      },
      "geometry": {
        "type": "Point",
        "coordinates": [
          -73.9642351,
          40.7827864
        ]
      }
    },
    {
      "type": "Feature",
      "properties": {
        "node_id": "INF_0209",
        "node_type": "infrastructure",
        "node_subtype": "leisure:pitch",
        "degree": null,
        "source": "infrastructure",
        "source_edge": "E12632",
        "name": "Pitch",
        "notes": "useful_infrastructure; leisure:pitch",
        "display_group": "infrastructure",
        "display_color": "#e377c2",
        "display_label": "Recreation",
        "infra_field": "leisure",
        "infra_type": "pitch",
        "infra_class": "Recreation",
        "infra_category": "Recreation",
        "infra_name": "Pitch",
        "display_name": "Pitch",
        "gate_name": null,
        "gate_name_status": null,
        "needs_gate_name_review": "False",
        "snap_dist_m": 8.688082529747978,
        "index_right": 12,
        "grid_x": 3,
        "grid_y": 3,
        "grid_id": "33",
        "lat": 40.78246883239332,
        "lon": -73.96445892630852,
        "cell_seq": 32,
        "grid_node_code": "33032"
      },
      "geometry": {
        "type": "Point",
        "coordinates": [
          -73.96445892630852,
          40.78246883239332
        ]
      }
    },
    {
      "type": "Feature",
      "properties": {
        "node_id": "INF_0143",
        "node_type": "infrastructure",
        "node_subtype": "leisure:pitch",
        "degree": null,
        "source": "infrastructure",
        "source_edge": "E12621",
        "name": "Great Lawn Ball Field 8",
        "notes": "useful_infrastructure; leisure:pitch",
        "display_group": "infrastructure",
        "display_color": "#e377c2",
        "display_label": "Recreation",
        "infra_field": "leisure",
        "infra_type": "pitch",
        "infra_class": "Recreation",
        "infra_category": "Recreation",
        "infra_name": "Great Lawn Ball Field 8",
        "display_name": "Great Lawn Ball Field 8",
        "gate_name": null,
        "gate_name_status": null,
        "needs_gate_name_review": "False",
        "snap_dist_m": 31.369677643736694,
        "index_right": 12,
        "grid_x": 3,
        "grid_y": 3,
        "grid_id": "33",
        "lat": 40.78240599438392,
        "lon": -73.9654366358001,
        "cell_seq": 33,
        "grid_node_code": "33033"
      },
      "geometry": {
        "type": "Point",
        "coordinates": [
          -73.9654366358001,
          40.78240599438392
        ]
      }
    },
    {
      "type": "Feature",
      "properties": {
        "node_id": "INF_0212",
        "node_type": "infrastructure",
        "node_subtype": "leisure:pitch",
        "degree": null,
        "source": "infrastructure",
        "source_edge": "E08552",
        "name": "Pitch",
        "notes": "useful_infrastructure; leisure:pitch",
        "display_group": "infrastructure",
        "display_color": "#e377c2",
        "display_label": "Recreation",
        "infra_field": "leisure",
        "infra_type": "pitch",
        "infra_class": "Recreation",
        "infra_category": "Recreation",
        "infra_name": "Pitch",
        "display_name": "Pitch",
        "gate_name": null,
        "gate_name_status": null,
        "needs_gate_name_review": "False",
        "snap_dist_m": 11.582223068711084,
        "index_right": 12,
        "grid_x": 3,
        "grid_y": 3,
        "grid_id": "33",
        "lat": 40.7821521,
        "lon": -73.9646888,
        "cell_seq": 35,
        "grid_node_code": "33035"
      },
      "geometry": {
        "type": "Point",
        "coordinates": [
          -73.9646888,
          40.7821521
        ]
      }
    },
    {
      "type": "Feature",
      "properties": {
        "node_id": "INF_0141",
        "node_type": "infrastructure",
        "node_subtype": "leisure:pitch",
        "degree": null,
        "source": "infrastructure",
        "source_edge": "E12616",
        "name": "Great Lawn Ball Field 6",
        "notes": "useful_infrastructure; leisure:pitch",
        "display_group": "infrastructure",
        "display_color": "#e377c2",
        "display_label": "Recreation",
        "infra_field": "leisure",
        "infra_type": "pitch",
        "infra_class": "Recreation",
        "infra_category": "Recreation",
        "infra_name": "Great Lawn Ball Field 6",
        "display_name": "Great Lawn Ball Field 6",
        "gate_name": null,
        "gate_name_status": null,
        "needs_gate_name_review": "False",
        "snap_dist_m": 34.74894658977499,
        "index_right": 12,
        "grid_x": 3,
        "grid_y": 3,
        "grid_id": "33",
        "lat": 40.782014647592476,
        "lon": -73.96513706652664,
        "cell_seq": 37,
        "grid_node_code": "33037"
      },
      "geometry": {
        "type": "Point",
        "coordinates": [
          -73.96513706652664,
          40.782014647592476
        ]
      }
    },
    {
      "type": "Feature",
      "properties": {
        "node_id": "INF_0162",
        "node_type": "infrastructure",
        "node_subtype": "tourism:information",
        "degree": null,
        "source": "infrastructure",
        "source_edge": "E01756",
        "name": "Information",
        "notes": "useful_infrastructure; tourism:information",
        "display_group": "infrastructure",
        "display_color": "#9467bd",
        "display_label": "Information / landmark",
        "infra_field": "tourism",
        "infra_type": "information",
        "infra_class": "Information / landmark",
        "infra_category": "Information / landmark",
        "infra_name": "Information",
        "display_name": "Information",
        "gate_name": null,
        "gate_name_status": null,
        "needs_gate_name_review": "False",
        "snap_dist_m": 1.78670421013534,
        "index_right": 12,
        "grid_x": 3,
        "grid_y": 3,
        "grid_id": "33",
        "lat": 40.781484467740114,
        "lon": -73.96513743180255,
        "cell_seq": 39,
        "grid_node_code": "33039"
      },
      "geometry": {
        "type": "Point",
        "coordinates": [
          -73.96513743180255,
          40.781484467740114
        ]
      }
    },
    {
      "type": "Feature",
      "properties": {
        "node_id": "INF_0136",
        "node_type": "infrastructure",
        "node_subtype": "leisure:pitch",
        "degree": null,
        "source": "infrastructure",
        "source_edge": "E01724",
        "name": "Great Lawn Ball Field 1",
        "notes": "useful_infrastructure; leisure:pitch",
        "display_group": "infrastructure",
        "display_color": "#e377c2",
        "display_label": "Recreation",
        "infra_field": "leisure",
        "infra_type": "pitch",
        "infra_class": "Recreation",
        "infra_category": "Recreation",
        "infra_name": "Great Lawn Ball Field 1",
        "display_name": "Great Lawn Ball Field 1",
        "gate_name": null,
        "gate_name_status": null,
        "needs_gate_name_review": "False",
        "snap_dist_m": 52.60334458702529,
        "index_right": 12,
        "grid_x": 3,
        "grid_y": 3,
        "grid_id": "33",
        "lat": 40.780471945593646,
        "lon": -73.96789122614483,
        "cell_seq": 41,
        "grid_node_code": "33041"
      },
      "geometry": {
        "type": "Point",
        "coordinates": [
          -73.96789122614483,
          40.780471945593646
        ]
      }
    },
    {
      "type": "Feature",
      "properties": {
        "node_id": "INF_0137",
        "node_type": "infrastructure",
        "node_subtype": "leisure:pitch",
        "degree": null,
        "source": "infrastructure",
        "source_edge": "E01067",
        "name": "Great Lawn Ball Field 2",
        "notes": "useful_infrastructure; leisure:pitch",
        "display_group": "infrastructure",
        "display_color": "#e377c2",
        "display_label": "Recreation",
        "infra_field": "leisure",
        "infra_type": "pitch",
        "infra_class": "Recreation",
        "infra_category": "Recreation",
        "infra_name": "Great Lawn Ball Field 2",
        "display_name": "Great Lawn Ball Field 2",
        "gate_name": null,
        "gate_name_status": null,
        "needs_gate_name_review": "False",
        "snap_dist_m": 43.42951857723477,
        "index_right": 12,
        "grid_x": 3,
        "grid_y": 3,
        "grid_id": "33",
        "lat": 40.7802802411909,
        "lon": -73.96599347294195,
        "cell_seq": 43,
        "grid_node_code": "33043"
      },
      "geometry": {
        "type": "Point",
        "coordinates": [
          -73.96599347294195,
          40.7802802411909
        ]
      }
    },
    {
      "type": "Feature",
      "properties": {
        "node_id": "INF_0096",
        "node_type": "infrastructure",
        "node_subtype": "amenity:drinking_water",
        "degree": null,
        "source": "infrastructure",
        "source_edge": "E07293",
        "name": "Drinking Water",
        "notes": "useful_infrastructure; amenity:drinking_water",
        "display_group": "infrastructure",
        "display_color": "#17becf",
        "display_label": "Drinking water",
        "infra_field": "amenity",
        "infra_type": "drinking_water",
        "infra_class": "Drinking water",
        "infra_category": "Drinking water",
        "infra_name": "Drinking Water",
        "display_name": "Drinking Water",
        "gate_name": null,
        "gate_name_status": null,
        "needs_gate_name_review": "False",
        "snap_dist_m": 5.683736250025254,
        "index_right": 13,
        "grid_x": 3,
        "grid_y": 4,
        "grid_id": "34",
        "lat": 40.78502041195435,
        "lon": -73.96663457857021,
        "cell_seq": 3,
        "grid_node_code": "34003"
      },
      "geometry": {
        "type": "Point",
        "coordinates": [
          -73.96663457857021,
          40.78502041195435
        ]
      }
    },
    {
      "type": "Feature",
      "properties": {
        "node_id": "INF_0159",
        "node_type": "infrastructure",
        "node_subtype": "tourism:information",
        "degree": null,
        "source": "infrastructure",
        "source_edge": "E12662",
        "name": "Information",
        "notes": "useful_infrastructure; tourism:information",
        "display_group": "infrastructure",
        "display_color": "#9467bd",
        "display_label": "Information / landmark",
        "infra_field": "tourism",
        "infra_type": "information",
        "infra_class": "Information / landmark",
        "infra_category": "Information / landmark",
        "infra_name": "Information",
        "display_name": "Information",
        "gate_name": null,
        "gate_name_status": null,
        "needs_gate_name_review": "False",
        "snap_dist_m": 0.926813713022923,
        "index_right": 13,
        "grid_x": 3,
        "grid_y": 4,
        "grid_id": "34",
        "lat": 40.78417143670187,
        "lon": -73.96718709049111,
        "cell_seq": 18,
        "grid_node_code": "34018"
      },
      "geometry": {
        "type": "Point",
        "coordinates": [
          -73.96718709049111,
          40.78417143670187
        ]
      }
    },
    {
      "type": "Feature",
      "properties": {
        "node_id": "INF_0255",
        "node_type": "infrastructure",
        "node_subtype": "tourism:information",
        "degree": null,
        "source": "infrastructure",
        "source_edge": "E12658",
        "name": "Seneca Village Landscape Geology",
        "notes": "useful_infrastructure; tourism:information",
        "display_group": "infrastructure",
        "display_color": "#9467bd",
        "display_label": "Information / landmark",
        "infra_field": "tourism",
        "infra_type": "information",
        "infra_class": "Information / landmark",
        "infra_category": "Information / landmark",
        "infra_name": "Seneca Village Landscape Geology",
        "display_name": "Seneca Village Landscape Geology",
        "gate_name": null,
        "gate_name_status": null,
        "needs_gate_name_review": "False",
        "snap_dist_m": 1.6996067906537506,
        "index_right": 13,
        "grid_x": 3,
        "grid_y": 4,
        "grid_id": "34",
        "lat": 40.78330935627215,
        "lon": -73.96764495949257,
        "cell_seq": 25,
        "grid_node_code": "34025"
      },
      "geometry": {
        "type": "Point",
        "coordinates": [
          -73.96764495949257,
          40.78330935627215
        ]
      }
    },
    {
      "type": "Feature",
      "properties": {
        "node_id": "INF_0206",
        "node_type": "infrastructure",
        "node_subtype": "leisure:playground",
        "degree": null,
        "source": "infrastructure",
        "source_edge": "E13957",
        "name": "Pinetum Playground",
        "notes": "useful_infrastructure; leisure:playground",
        "display_group": "infrastructure",
        "display_color": "#e377c2",
        "display_label": "Recreation",
        "infra_field": "leisure",
        "infra_type": "playground",
        "infra_class": "Recreation",
        "infra_category": "Recreation",
        "infra_name": "Pinetum Playground",
        "display_name": "Pinetum Playground",
        "gate_name": null,
        "gate_name_status": null,
        "needs_gate_name_review": "False",
        "snap_dist_m": 3.7399013923319377,
        "index_right": 13,
        "grid_x": 3,
        "grid_y": 4,
        "grid_id": "34",
        "lat": 40.78318655138524,
        "lon": -73.96732363564105,
        "cell_seq": 28,
        "grid_node_code": "34028"
      },
      "geometry": {
        "type": "Point",
        "coordinates": [
          -73.96732363564105,
          40.78318655138524
        ]
      }
    },
    {
      "type": "Feature",
      "properties": {
        "node_id": "INF_0037",
        "node_type": "infrastructure",
        "node_subtype": "amenity:drinking_water",
        "degree": null,
        "source": "infrastructure",
        "source_edge": "E08681",
        "name": "Drinking Water",
        "notes": "useful_infrastructure; amenity:drinking_water",
        "display_group": "infrastructure",
        "display_color": "#17becf",
        "display_label": "Drinking water",
        "infra_field": "amenity",
        "infra_type": "drinking_water",
        "infra_class": "Drinking water",
        "infra_category": "Drinking water",
        "infra_name": "Drinking Water",
        "display_name": "Drinking Water",
        "gate_name": null,
        "gate_name_status": null,
        "needs_gate_name_review": "False",
        "snap_dist_m": 1.015563433377549,
        "index_right": 13,
        "grid_x": 3,
        "grid_y": 4,
        "grid_id": "34",
        "lat": 40.78254446680498,
        "lon": -73.9667282425637,
        "cell_seq": 37,
        "grid_node_code": "34037"
      },
      "geometry": {
        "type": "Point",
        "coordinates": [
          -73.9667282425637,
          40.78254446680498
        ]
      }
    },
    {
      "type": "Feature",
      "properties": {
        "node_id": "INF_0140",
        "node_type": "infrastructure",
        "node_subtype": "leisure:pitch",
        "degree": null,
        "source": "infrastructure",
        "source_edge": "E08680",
        "name": "Great Lawn Ball Field 5",
        "notes": "useful_infrastructure; leisure:pitch",
        "display_group": "infrastructure",
        "display_color": "#e377c2",
        "display_label": "Recreation",
        "infra_field": "leisure",
        "infra_type": "pitch",
        "infra_class": "Recreation",
        "infra_category": "Recreation",
        "infra_name": "Great Lawn Ball Field 5",
        "display_name": "Great Lawn Ball Field 5",
        "gate_name": null,
        "gate_name_status": null,
        "needs_gate_name_review": "False",
        "snap_dist_m": 39.10673102405111,
        "index_right": 13,
        "grid_x": 3,
        "grid_y": 4,
        "grid_id": "34",
        "lat": 40.782482636872345,
        "lon": -73.96686183421245,
        "cell_seq": 38,
        "grid_node_code": "34038"
      },
      "geometry": {
        "type": "Point",
        "coordinates": [
          -73.96686183421245,
          40.782482636872345
        ]
      }
    },
    {
      "type": "Feature",
      "properties": {
        "node_id": "INF_0097",
        "node_type": "infrastructure",
        "node_subtype": "amenity:drinking_water",
        "degree": null,
        "source": "infrastructure",
        "source_edge": "E01784",
        "name": "Drinking Water",
        "notes": "useful_infrastructure; amenity:drinking_water",
        "display_group": "infrastructure",
        "display_color": "#17becf",
        "display_label": "Drinking water",
        "infra_field": "amenity",
        "infra_type": "drinking_water",
        "infra_class": "Drinking water",
        "infra_category": "Drinking water",
        "infra_name": "Drinking Water",
        "display_name": "Drinking Water",
        "gate_name": null,
        "gate_name_status": null,
        "needs_gate_name_review": "False",
        "snap_dist_m": 5.801882739149867,
        "index_right": 13,
        "grid_x": 3,
        "grid_y": 4,
        "grid_id": "34",
        "lat": 40.78197023589162,
        "lon": -73.96838201244479,
        "cell_seq": 41,
        "grid_node_code": "34041"
      },
      "geometry": {
        "type": "Point",
        "coordinates": [
          -73.96838201244479,
          40.78197023589162
        ]
      }
    },
    {
      "type": "Feature",
      "properties": {
        "node_id": "INF_0274",
        "node_type": "infrastructure",
        "node_subtype": "leisure:pitch",
        "degree": null,
        "source": "infrastructure",
        "source_edge": "E01739",
        "name": "The Great Lawn",
        "notes": "useful_infrastructure; leisure:pitch",
        "display_group": "infrastructure",
        "display_color": "#e377c2",
        "display_label": "Recreation",
        "infra_field": "leisure",
        "infra_type": "pitch",
        "infra_class": "Recreation",
        "infra_category": "Recreation",
        "infra_name": "The Great Lawn",
        "display_name": "The Great Lawn",
        "gate_name": null,
        "gate_name_status": null,
        "needs_gate_name_review": "False",
        "snap_dist_m": 105.46656544977894,
        "index_right": 13,
        "grid_x": 3,
        "grid_y": 4,
        "grid_id": "34",
        "lat": 40.78186861044507,
        "lon": -73.96761440575554,
        "cell_seq": 42,
        "grid_node_code": "34042"
      },
      "geometry": {
        "type": "Point",
        "coordinates": [
          -73.96761440575554,
          40.78186861044507
        ]
      }
    },
    {
      "type": "Feature",
      "properties": {
        "node_id": "INF_0138",
        "node_type": "infrastructure",
        "node_subtype": "leisure:pitch",
        "degree": null,
        "source": "infrastructure",
        "source_edge": "E01737",
        "name": "Great Lawn Ball Field 3",
        "notes": "useful_infrastructure; leisure:pitch",
        "display_group": "infrastructure",
        "display_color": "#e377c2",
        "display_label": "Recreation",
        "infra_field": "leisure",
        "infra_type": "pitch",
        "infra_class": "Recreation",
        "infra_category": "Recreation",
        "infra_name": "Great Lawn Ball Field 3",
        "display_name": "Great Lawn Ball Field 3",
        "gate_name": null,
        "gate_name_status": null,
        "needs_gate_name_review": "False",
        "snap_dist_m": 55.60265172742088,
        "index_right": 13,
        "grid_x": 3,
        "grid_y": 4,
        "grid_id": "34",
        "lat": 40.781662631210004,
        "lon": -73.96777919001525,
        "cell_seq": 45,
        "grid_node_code": "34045"
      },
      "geometry": {
        "type": "Point",
        "coordinates": [
          -73.96777919001525,
          40.781662631210004
        ]
      }
    },
    {
      "type": "Feature",
      "properties": {
        "node_id": "INF_0068",
        "node_type": "infrastructure",
        "node_subtype": "amenity:drinking_water",
        "degree": null,
        "source": "infrastructure",
        "source_edge": "E12579",
        "name": "Drinking Water",
        "notes": "useful_infrastructure; amenity:drinking_water",
        "display_group": "infrastructure",
        "display_color": "#17becf",
        "display_label": "Drinking water",
        "infra_field": "amenity",
        "infra_type": "drinking_water",
        "infra_class": "Drinking water",
        "infra_category": "Drinking water",
        "infra_name": "Drinking Water",
        "display_name": "Drinking Water",
        "gate_name": null,
        "gate_name_status": null,
        "needs_gate_name_review": "False",
        "snap_dist_m": 2.8265487538070255,
        "index_right": 13,
        "grid_x": 3,
        "grid_y": 4,
        "grid_id": "34",
        "lat": 40.78058741370077,
        "lon": -73.96884291068977,
        "cell_seq": 53,
        "grid_node_code": "34053"
      },
      "geometry": {
        "type": "Point",
        "coordinates": [
          -73.96884291068977,
          40.78058741370077
        ]
      }
    },
    {
      "type": "Feature",
      "properties": {
        "node_id": "INF_0284",
        "node_type": "infrastructure",
        "node_subtype": "amenity:toilets",
        "degree": null,
        "source": "infrastructure",
        "source_edge": "E03195",
        "name": "Toilets",
        "notes": "useful_infrastructure; amenity:toilets",
        "display_group": "infrastructure",
        "display_color": "#1f77b4",
        "display_label": "Restroom",
        "infra_field": "amenity",
        "infra_type": "toilets",
        "infra_class": "Restroom",
        "infra_category": "Restroom",
        "infra_name": "Toilets",
        "display_name": "Toilets",
        "gate_name": null,
        "gate_name_status": null,
        "needs_gate_name_review": "False",
        "snap_dist_m": 4.787648484461193,
        "index_right": 13,
        "grid_x": 3,
        "grid_y": 4,
        "grid_id": "34",
        "lat": 40.7804447,
        "lon": -73.9691714,
        "cell_seq": 58,
        "grid_node_code": "34058"
      },
      "geometry": {
        "type": "Point",
        "coordinates": [
          -73.9691714,
          40.7804447
        ]
      }
    },
    {
      "type": "Feature",
      "properties": {
        "node_id": "INF_0249",
        "node_type": "infrastructure",
        "node_subtype": "tourism:artwork",
        "degree": null,
        "source": "infrastructure",
        "source_edge": "E12557",
        "name": "Romeo and Juliet",
        "notes": "useful_infrastructure; tourism:artwork",
        "display_group": "infrastructure",
        "display_color": "#9467bd",
        "display_label": "Information / landmark",
        "infra_field": "tourism",
        "infra_type": "artwork",
        "infra_class": "Information / landmark",
        "infra_category": "Information / landmark",
        "infra_name": "Romeo and Juliet",
        "display_name": "Romeo and Juliet",
        "gate_name": null,
        "gate_name_status": null,
        "needs_gate_name_review": "False",
        "snap_dist_m": 5.282157746874226,
        "index_right": 13,
        "grid_x": 3,
        "grid_y": 4,
        "grid_id": "34",
        "lat": 40.78042772541501,
        "lon": -73.96872467064283,
        "cell_seq": 59,
        "grid_node_code": "34059"
      },
      "geometry": {
        "type": "Point",
        "coordinates": [
          -73.96872467064283,
          40.78042772541501
        ]
      }
    },
    {
      "type": "Feature",
      "properties": {
        "node_id": "INF_0277",
        "node_type": "infrastructure",
        "node_subtype": "tourism:artwork",
        "degree": null,
        "source": "infrastructure",
        "source_edge": "E12559",
        "name": "The Tempest",
        "notes": "useful_infrastructure; tourism:artwork",
        "display_group": "infrastructure",
        "display_color": "#9467bd",
        "display_label": "Information / landmark",
        "infra_field": "tourism",
        "infra_type": "artwork",
        "infra_class": "Information / landmark",
        "infra_category": "Information / landmark",
        "infra_name": "The Tempest",
        "display_name": "The Tempest",
        "gate_name": null,
        "gate_name_status": null,
        "needs_gate_name_review": "False",
        "snap_dist_m": 3.2807439635596993,
        "index_right": 13,
        "grid_x": 3,
        "grid_y": 4,
        "grid_id": "34",
        "lat": 40.780418897144195,
        "lon": -73.96865435308378,
        "cell_seq": 61,
        "grid_node_code": "34061"
      },
      "geometry": {
        "type": "Point",
        "coordinates": [
          -73.96865435308378,
          40.780418897144195
        ]
      }
    },
    {
      "type": "Feature",
      "properties": {
        "node_id": "INF_0295",
        "node_type": "infrastructure",
        "node_subtype": "amenity:toilets",
        "degree": null,
        "source": "infrastructure",
        "source_edge": "E12526",
        "name": "Toilets",
        "notes": "useful_infrastructure; amenity:toilets",
        "display_group": "infrastructure",
        "display_color": "#1f77b4",
        "display_label": "Restroom",
        "infra_field": "amenity",
        "infra_type": "toilets",
        "infra_class": "Restroom",
        "infra_category": "Restroom",
        "infra_name": "Toilets",
        "display_name": "Toilets",
        "gate_name": null,
        "gate_name_status": null,
        "needs_gate_name_review": "False",
        "snap_dist_m": 16.70241068877099,
        "index_right": 13,
        "grid_x": 3,
        "grid_y": 4,
        "grid_id": "34",
        "lat": 40.7801196,
        "lon": -73.9692021,
        "cell_seq": 70,
        "grid_node_code": "34070"
      },
      "geometry": {
        "type": "Point",
        "coordinates": [
          -73.9692021,
          40.7801196
        ]
      }
    },
    {
      "type": "Feature",
      "properties": {
        "node_id": "INF_0002",
        "node_type": "infrastructure",
        "node_subtype": "leisure:playground",
        "degree": null,
        "source": "infrastructure",
        "source_edge": "E05640",
        "name": "Abraham and Joseph Spector Playground",
        "notes": "useful_infrastructure; leisure:playground",
        "display_group": "infrastructure",
        "display_color": "#e377c2",
        "display_label": "Recreation",
        "infra_field": "leisure",
        "infra_type": "playground",
        "infra_class": "Recreation",
        "infra_category": "Recreation",
        "infra_name": "Abraham and Joseph Spector Playground",
        "display_name": "Abraham and Joseph Spector Playground",
        "gate_name": null,
        "gate_name_status": null,
        "needs_gate_name_review": "False",
        "snap_dist_m": 18.570313785248455,
        "index_right": 14,
        "grid_x": 3,
        "grid_y": 5,
        "grid_id": "35",
        "lat": 40.78436815048461,
        "lon": -73.9685113946091,
        "cell_seq": 2,
        "grid_node_code": "35002"
      },
      "geometry": {
        "type": "Point",
        "coordinates": [
          -73.9685113946091,
          40.78436815048461
        ]
      }
    },
    {
      "type": "Feature",
      "properties": {
        "node_id": "INF_0056",
        "node_type": "infrastructure",
        "node_subtype": "amenity:drinking_water",
        "degree": null,
        "source": "infrastructure",
        "source_edge": "E03226",
        "name": "Drinking Water",
        "notes": "useful_infrastructure; amenity:drinking_water",
        "display_group": "infrastructure",
        "display_color": "#17becf",
        "display_label": "Drinking water",
        "infra_field": "amenity",
        "infra_type": "drinking_water",
        "infra_class": "Drinking water",
        "infra_category": "Drinking water",
        "infra_name": "Drinking Water",
        "display_name": "Drinking Water",
        "gate_name": null,
        "gate_name_status": null,
        "needs_gate_name_review": "False",
        "snap_dist_m": 2.3556373062398372,
        "index_right": 14,
        "grid_x": 3,
        "grid_y": 5,
        "grid_id": "35",
        "lat": 40.78413681600269,
        "lon": -73.96831627688059,
        "cell_seq": 6,
        "grid_node_code": "35006"
      },
      "geometry": {
        "type": "Point",
        "coordinates": [
          -73.96831627688059,
          40.78413681600269
        ]
      }
    },
    {
      "type": "Feature",
      "properties": {
        "node_id": "INF_0299",
        "node_type": "infrastructure",
        "node_subtype": "leisure:playground",
        "degree": null,
        "source": "infrastructure",
        "source_edge": "E05814",
        "name": "Toll Family Playground",
        "notes": "useful_infrastructure; leisure:playground",
        "display_group": "infrastructure",
        "display_color": "#e377c2",
        "display_label": "Recreation",
        "infra_field": "leisure",
        "infra_type": "playground",
        "infra_class": "Recreation",
        "infra_category": "Recreation",
        "infra_name": "Toll Family Playground",
        "display_name": "Toll Family Playground",
        "gate_name": null,
        "gate_name_status": null,
        "needs_gate_name_review": "False",
        "snap_dist_m": 22.32333155023953,
        "index_right": 14,
        "grid_x": 3,
        "grid_y": 5,
        "grid_id": "35",
        "lat": 40.783942756680325,
        "lon": -73.96944523448465,
        "cell_seq": 9,
        "grid_node_code": "35009"
      },
      "geometry": {
        "type": "Point",
        "coordinates": [
          -73.96944523448465,
          40.783942756680325
        ]
      }
    },
    {
      "type": "Feature",
      "properties": {
        "node_id": "INF_0113",
        "node_type": "infrastructure",
        "node_subtype": "amenity:drinking_water",
        "degree": null,
        "source": "infrastructure",
        "source_edge": "E05666",
        "name": "Drinking Water",
        "notes": "useful_infrastructure; amenity:drinking_water",
        "display_group": "infrastructure",
        "display_color": "#17becf",
        "display_label": "Drinking water",
        "infra_field": "amenity",
        "infra_type": "drinking_water",
        "infra_class": "Drinking water",
        "infra_category": "Drinking water",
        "infra_name": "Drinking Water",
        "display_name": "Drinking Water",
        "gate_name": null,
        "gate_name_status": null,
        "needs_gate_name_review": "False",
        "snap_dist_m": 10.760578181798909,
        "index_right": 14,
        "grid_x": 3,
        "grid_y": 5,
        "grid_id": "35",
        "lat": 40.78298973668998,
        "lon": -73.96990640724195,
        "cell_seq": 14,
        "grid_node_code": "35014"
      },
      "geometry": {
        "type": "Point",
        "coordinates": [
          -73.96990640724195,
          40.78298973668998
        ]
      }
    },
    {
      "type": "Feature",
      "properties": {
        "node_id": "INF_0030",
        "node_type": "infrastructure",
        "node_subtype": "leisure:playground",
        "degree": null,
        "source": "infrastructure",
        "source_edge": "E08030",
        "name": "Diana Ross Playground",
        "notes": "useful_infrastructure; leisure:playground",
        "display_group": "infrastructure",
        "display_color": "#e377c2",
        "display_label": "Recreation",
        "infra_field": "leisure",
        "infra_type": "playground",
        "infra_class": "Recreation",
        "infra_category": "Recreation",
        "infra_name": "Diana Ross Playground",
        "display_name": "Diana Ross Playground",
        "gate_name": null,
        "gate_name_status": null,
        "needs_gate_name_review": "False",
        "snap_dist_m": 25.18136592254777,
        "index_right": 14,
        "grid_x": 3,
        "grid_y": 5,
        "grid_id": "35",
        "lat": 40.782158310518184,
        "lon": -73.970639919063,
        "cell_seq": 18,
        "grid_node_code": "35018"
      },
      "geometry": {
        "type": "Point",
        "coordinates": [
          -73.970639919063,
          40.782158310518184
        ]
      }
    },
    {
      "type": "Feature",
      "properties": {
        "node_id": "INF_0117",
        "node_type": "infrastructure",
        "node_subtype": "amenity:drinking_water",
        "degree": null,
        "source": "infrastructure",
        "source_edge": "E13691",
        "name": "Drinking Water",
        "notes": "useful_infrastructure; amenity:drinking_water",
        "display_group": "infrastructure",
        "display_color": "#17becf",
        "display_label": "Drinking water",
        "infra_field": "amenity",
        "infra_type": "drinking_water",
        "infra_class": "Drinking water",
        "infra_category": "Drinking water",
        "infra_name": "Drinking Water",
        "display_name": "Drinking Water",
        "gate_name": null,
        "gate_name_status": null,
        "needs_gate_name_review": "False",
        "snap_dist_m": 14.230172137158416,
        "index_right": 14,
        "grid_x": 3,
        "grid_y": 5,
        "grid_id": "35",
        "lat": 40.7821256,
        "lon": -73.9711431,
        "cell_seq": 20,
        "grid_node_code": "35020"
      },
      "geometry": {
        "type": "Point",
        "coordinates": [
          -73.9711431,
          40.7821256
        ]
      }
    },
    {
      "type": "Feature",
      "properties": {
        "node_id": "INF_0112",
        "node_type": "infrastructure",
        "node_subtype": "amenity:drinking_water",
        "degree": null,
        "source": "infrastructure",
        "source_edge": "E03266",
        "name": "Drinking Water",
        "notes": "useful_infrastructure; amenity:drinking_water",
        "display_group": "infrastructure",
        "display_color": "#17becf",
        "display_label": "Drinking water",
        "infra_field": "amenity",
        "infra_type": "drinking_water",
        "infra_class": "Drinking water",
        "infra_category": "Drinking water",
        "infra_name": "Drinking Water",
        "display_name": "Drinking Water",
        "gate_name": null,
        "gate_name_status": null,
        "needs_gate_name_review": "False",
        "snap_dist_m": 10.654152919787407,
        "index_right": 15,
        "grid_x": 4,
        "grid_y": 1,
        "grid_id": "41",
        "lat": 40.79048999651169,
        "lon": -73.95466781036978,
        "cell_seq": 1,
        "grid_node_code": "41001"
      },
      "geometry": {
        "type": "Point",
        "coordinates": [
          -73.95466781036978,
          40.79048999651169
        ]
      }
    },
    {
      "type": "Feature",
      "properties": {
        "node_id": "INF_0281",
        "node_type": "infrastructure",
        "node_subtype": "amenity:toilets",
        "degree": null,
        "source": "infrastructure",
        "source_edge": "E03265",
        "name": "Toilets",
        "notes": "useful_infrastructure; amenity:toilets",
        "display_group": "infrastructure",
        "display_color": "#1f77b4",
        "display_label": "Restroom",
        "infra_field": "amenity",
        "infra_type": "toilets",
        "infra_class": "Restroom",
        "infra_category": "Restroom",
        "infra_name": "Toilets",
        "display_name": "Toilets",
        "gate_name": null,
        "gate_name_status": null,
        "needs_gate_name_review": "False",
        "snap_dist_m": 2.718156196213284,
        "index_right": 15,
        "grid_x": 4,
        "grid_y": 1,
        "grid_id": "41",
        "lat": 40.79033131168248,
        "lon": -73.95464877034583,
        "cell_seq": 2,
        "grid_node_code": "41002"
      },
      "geometry": {
        "type": "Point",
        "coordinates": [
          -73.95464877034583,
          40.79033131168248
        ]
      }
    },
    {
      "type": "Feature",
      "properties": {
        "node_id": "INF_0246",
        "node_type": "infrastructure",
        "node_subtype": "leisure:playground",
        "degree": null,
        "source": "infrastructure",
        "source_edge": "E03264",
        "name": "Robert Bendheim Playground",
        "notes": "useful_infrastructure; leisure:playground",
        "display_group": "infrastructure",
        "display_color": "#e377c2",
        "display_label": "Recreation",
        "infra_field": "leisure",
        "infra_type": "playground",
        "infra_class": "Recreation",
        "infra_category": "Recreation",
        "infra_name": "Robert Bendheim Playground",
        "display_name": "Robert Bendheim Playground",
        "gate_name": null,
        "gate_name_status": null,
        "needs_gate_name_review": "False",
        "snap_dist_m": 20.345494688818203,
        "index_right": 15,
        "grid_x": 4,
        "grid_y": 1,
        "grid_id": "41",
        "lat": 40.79027193391621,
        "lon": -73.95464468820477,
        "cell_seq": 3,
        "grid_node_code": "41003"
      },
      "geometry": {
        "type": "Point",
        "coordinates": [
          -73.95464468820477,
          40.79027193391621
        ]
      }
    },
    {
      "type": "Feature",
      "properties": {
        "node_id": "INF_0004",
        "node_type": "infrastructure",
        "node_subtype": "tourism:artwork",
        "degree": null,
        "source": "infrastructure",
        "source_edge": "E03466",
        "name": "Albert Bertel Thorvaldsen",
        "notes": "useful_infrastructure; tourism:artwork",
        "display_group": "infrastructure",
        "display_color": "#9467bd",
        "display_label": "Information / landmark",
        "infra_field": "tourism",
        "infra_type": "artwork",
        "infra_class": "Information / landmark",
        "infra_category": "Information / landmark",
        "infra_name": "Albert Bertel Thorvaldsen",
        "display_name": "Albert Bertel Thorvaldsen",
        "gate_name": null,
        "gate_name_status": null,
        "needs_gate_name_review": "False",
        "snap_dist_m": 55.89023049080122,
        "index_right": 15,
        "grid_x": 4,
        "grid_y": 1,
        "grid_id": "41",
        "lat": 40.78855016345734,
        "lon": -73.95665558479978,
        "cell_seq": 5,
        "grid_node_code": "41005"
      },
      "geometry": {
        "type": "Point",
        "coordinates": [
          -73.95665558479978,
          40.78855016345734
        ]
      }
    },
    {
      "type": "Feature",
      "properties": {
        "node_id": "INF_0033",
        "node_type": "infrastructure",
        "node_subtype": "amenity:drinking_water",
        "degree": null,
        "source": "infrastructure",
        "source_edge": "E13980",
        "name": "Drinking Water",
        "notes": "useful_infrastructure; amenity:drinking_water",
        "display_group": "infrastructure",
        "display_color": "#17becf",
        "display_label": "Drinking water",
        "infra_field": "amenity",
        "infra_type": "drinking_water",
        "infra_class": "Drinking water",
        "infra_category": "Drinking water",
        "infra_name": "Drinking Water",
        "display_name": "Drinking Water",
        "gate_name": null,
        "gate_name_status": null,
        "needs_gate_name_review": "False",
        "snap_dist_m": 0.2641768674558407,
        "index_right": 15,
        "grid_x": 4,
        "grid_y": 1,
        "grid_id": "41",
        "lat": 40.78774894272853,
        "lon": -73.9564416982017,
        "cell_seq": 9,
        "grid_node_code": "41009"
      },
      "geometry": {
        "type": "Point",
        "coordinates": [
          -73.9564416982017,
          40.78774894272853
        ]
      }
    },
    {
      "type": "Feature",
      "properties": {
        "node_id": "INF_0179",
        "node_type": "infrastructure",
        "node_subtype": "leisure:playground",
        "degree": null,
        "source": "infrastructure",
        "source_edge": "E14002",
        "name": "Margaret L. Kempner Playground",
        "notes": "useful_infrastructure; leisure:playground",
        "display_group": "infrastructure",
        "display_color": "#e377c2",
        "display_label": "Recreation",
        "infra_field": "leisure",
        "infra_type": "playground",
        "infra_class": "Recreation",
        "infra_category": "Recreation",
        "infra_name": "Margaret L. Kempner Playground",
        "display_name": "Margaret L. Kempner Playground",
        "gate_name": null,
        "gate_name_status": null,
        "needs_gate_name_review": "False",
        "snap_dist_m": 2.8037824319190006,
        "index_right": 15,
        "grid_x": 4,
        "grid_y": 1,
        "grid_id": "41",
        "lat": 40.7877361080871,
        "lon": -73.95663988769276,
        "cell_seq": 10,
        "grid_node_code": "41010"
      },
      "geometry": {
        "type": "Point",
        "coordinates": [
          -73.95663988769276,
          40.7877361080871
        ]
      }
    },
    {
      "type": "Feature",
      "properties": {
        "node_id": "INF_0095",
        "node_type": "infrastructure",
        "node_subtype": "amenity:drinking_water",
        "degree": null,
        "source": "infrastructure",
        "source_edge": "E04628",
        "name": "Drinking Water",
        "notes": "useful_infrastructure; amenity:drinking_water",
        "display_group": "infrastructure",
        "display_color": "#17becf",
        "display_label": "Drinking water",
        "infra_field": "amenity",
        "infra_type": "drinking_water",
        "infra_class": "Drinking water",
        "infra_category": "Drinking water",
        "infra_name": "Drinking Water",
        "display_name": "Drinking Water",
        "gate_name": null,
        "gate_name_status": null,
        "needs_gate_name_review": "False",
        "snap_dist_m": 5.678013702142372,
        "index_right": 15,
        "grid_x": 4,
        "grid_y": 1,
        "grid_id": "41",
        "lat": 40.78462667179506,
        "lon": -73.9588776220229,
        "cell_seq": 24,
        "grid_node_code": "41024"
      },
      "geometry": {
        "type": "Point",
        "coordinates": [
          -73.9588776220229,
          40.78462667179506
        ]
      }
    },
    {
      "type": "Feature",
      "properties": {
        "node_id": "INF_0171",
        "node_type": "infrastructure",
        "node_subtype": "tourism:artwork",
        "degree": null,
        "source": "infrastructure",
        "source_edge": "E07276",
        "name": "John Purroy Mitchel",
        "notes": "useful_infrastructure; tourism:artwork",
        "display_group": "infrastructure",
        "display_color": "#9467bd",
        "display_label": "Information / landmark",
        "infra_field": "tourism",
        "infra_type": "artwork",
        "infra_class": "Information / landmark",
        "infra_category": "Information / landmark",
        "infra_name": "John Purroy Mitchel",
        "display_name": "John Purroy Mitchel",
        "gate_name": null,
        "gate_name_status": null,
        "needs_gate_name_review": "False",
        "snap_dist_m": 1.663375686664712,
        "index_right": 15,
        "grid_x": 4,
        "grid_y": 1,
        "grid_id": "41",
        "lat": 40.784383317696296,
        "lon": -73.95922803511874,
        "cell_seq": 30,
        "grid_node_code": "41030"
      },
      "geometry": {
        "type": "Point",
        "coordinates": [
          -73.95922803511874,
          40.784383317696296
        ]
      }
    },
    {
      "type": "Feature",
      "properties": {
        "node_id": "INF_0131",
        "node_type": "infrastructure",
        "node_subtype": "amenity:drinking_water",
        "degree": null,
        "source": "infrastructure",
        "source_edge": "E08345",
        "name": "Friedel Memorial Drinking Fountain",
        "notes": "useful_infrastructure; amenity:drinking_water",
        "display_group": "infrastructure",
        "display_color": "#17becf",
        "display_label": "Drinking water",
        "infra_field": "amenity",
        "infra_type": "drinking_water",
        "infra_class": "Drinking water",
        "infra_category": "Drinking water",
        "infra_name": "Friedel Memorial Drinking Fountain",
        "display_name": "Friedel Memorial Drinking Fountain",
        "gate_name": null,
        "gate_name_status": null,
        "needs_gate_name_review": "False",
        "snap_dist_m": 2.6280425883428844,
        "index_right": 15,
        "grid_x": 4,
        "grid_y": 1,
        "grid_id": "41",
        "lat": 40.7843365461593,
        "lon": -73.9586819171505,
        "cell_seq": 31,
        "grid_node_code": "41031"
      },
      "geometry": {
        "type": "Point",
        "coordinates": [
          -73.9586819171505,
          40.7843365461593
        ]
      }
    },
    {
      "type": "Feature",
      "properties": {
        "node_id": "INF_0091",
        "node_type": "infrastructure",
        "node_subtype": "amenity:drinking_water",
        "degree": null,
        "source": "infrastructure",
        "source_edge": "E07245",
        "name": "Drinking Water",
        "notes": "useful_infrastructure; amenity:drinking_water",
        "display_group": "infrastructure",
        "display_color": "#17becf",
        "display_label": "Drinking water",
        "infra_field": "amenity",
        "infra_type": "drinking_water",
        "infra_class": "Drinking water",
        "infra_category": "Drinking water",
        "infra_name": "Drinking Water",
        "display_name": "Drinking Water",
        "gate_name": null,
        "gate_name_status": null,
        "needs_gate_name_review": "False",
        "snap_dist_m": 4.88695993162871,
        "index_right": 15,
        "grid_x": 4,
        "grid_y": 1,
        "grid_id": "41",
        "lat": 40.78414225911497,
        "lon": -73.95923706905322,
        "cell_seq": 37,
        "grid_node_code": "41037"
      },
      "geometry": {
        "type": "Point",
        "coordinates": [
          -73.95923706905322,
          40.78414225911497
        ]
      }
    },
    {
      "type": "Feature",
      "properties": {
        "node_id": "INF_0198",
        "node_type": "infrastructure",
        "node_subtype": "leisure:pitch",
        "degree": null,
        "source": "infrastructure",
        "source_edge": "E00689",
        "name": "North Meadow Soccer Field 6",
        "notes": "useful_infrastructure; leisure:pitch",
        "display_group": "infrastructure",
        "display_color": "#e377c2",
        "display_label": "Recreation",
        "infra_field": "leisure",
        "infra_type": "pitch",
        "infra_class": "Recreation",
        "infra_category": "Recreation",
        "infra_name": "North Meadow Soccer Field 6",
        "display_name": "North Meadow Soccer Field 6",
        "gate_name": null,
        "gate_name_status": null,
        "needs_gate_name_review": "False",
        "snap_dist_m": 39.45588180417631,
        "index_right": 16,
        "grid_x": 4,
        "grid_y": 2,
        "grid_id": "42",
        "lat": 40.790978954770864,
        "lon": -73.95700698748236,
        "cell_seq": 1,
        "grid_node_code": "42001"
      },
      "geometry": {
        "type": "Point",
        "coordinates": [
          -73.95700698748236,
          40.790978954770864
        ]
      }
    },
    {
      "type": "Feature",
      "properties": {
        "node_id": "INF_0057",
        "node_type": "infrastructure",
        "node_subtype": "amenity:drinking_water",
        "degree": null,
        "source": "infrastructure",
        "source_edge": "E00695",
        "name": "Drinking Water",
        "notes": "useful_infrastructure; amenity:drinking_water",
        "display_group": "infrastructure",
        "display_color": "#17becf",
        "display_label": "Drinking water",
        "infra_field": "amenity",
        "infra_type": "drinking_water",
        "infra_class": "Drinking water",
        "infra_category": "Drinking water",
        "infra_name": "Drinking Water",
        "display_name": "Drinking Water",
        "gate_name": null,
        "gate_name_status": null,
        "needs_gate_name_review": "False",
        "snap_dist_m": 2.376874251824503,
        "index_right": 16,
        "grid_x": 4,
        "grid_y": 2,
        "grid_id": "42",
        "lat": 40.790257435003625,
        "lon": -73.95764278011616,
        "cell_seq": 3,
        "grid_node_code": "42003"
      },
      "geometry": {
        "type": "Point",
        "coordinates": [
          -73.95764278011616,
          40.790257435003625
        ]
      }
    },
    {
      "type": "Feature",
      "properties": {
        "node_id": "INF_0161",
        "node_type": "infrastructure",
        "node_subtype": "tourism:information",
        "degree": null,
        "source": "infrastructure",
        "source_edge": "E08399",
        "name": "Information",
        "notes": "useful_infrastructure; tourism:information",
        "display_group": "infrastructure",
        "display_color": "#9467bd",
        "display_label": "Information / landmark",
        "infra_field": "tourism",
        "infra_type": "information",
        "infra_class": "Information / landmark",
        "infra_category": "Information / landmark",
        "infra_name": "Information",
        "display_name": "Information",
        "gate_name": null,
        "gate_name_status": null,
        "needs_gate_name_review": "False",
        "snap_dist_m": 1.6647275785981621,
        "index_right": 16,
        "grid_x": 4,
        "grid_y": 2,
        "grid_id": "42",
        "lat": 40.789775512346864,
        "lon": -73.95746616231776,
        "cell_seq": 6,
        "grid_node_code": "42006"
      },
      "geometry": {
        "type": "Point",
        "coordinates": [
          -73.95746616231776,
          40.789775512346864
        ]
      }
    },
    {
      "type": "Feature",
      "properties": {
        "node_id": "INF_0187",
        "node_type": "infrastructure",
        "node_subtype": "leisure:pitch",
        "degree": null,
        "source": "infrastructure",
        "source_edge": "E00790",
        "name": "North Meadow Baseball Field 11",
        "notes": "useful_infrastructure; leisure:pitch",
        "display_group": "infrastructure",
        "display_color": "#e377c2",
        "display_label": "Recreation",
        "infra_field": "leisure",
        "infra_type": "pitch",
        "infra_class": "Recreation",
        "infra_category": "Recreation",
        "infra_name": "North Meadow Baseball Field 11",
        "display_name": "North Meadow Baseball Field 11",
        "gate_name": null,
        "gate_name_status": null,
        "needs_gate_name_review": "False",
        "snap_dist_m": 35.1125701334751,
        "index_right": 17,
        "grid_x": 4,
        "grid_y": 3,
        "grid_id": "43",
        "lat": 40.79179404184205,
        "lon": -73.95819264153546,
        "cell_seq": 1,
        "grid_node_code": "43001"
      },
      "geometry": {
        "type": "Point",
        "coordinates": [
          -73.95819264153546,
          40.79179404184205
        ]
      }
    },
    {
      "type": "Feature",
      "properties": {
        "node_id": "INF_0189",
        "node_type": "infrastructure",
        "node_subtype": "leisure:pitch",
        "degree": null,
        "source": "infrastructure",
        "source_edge": "E00831",
        "name": "North Meadow Baseball Field 4",
        "notes": "useful_infrastructure; leisure:pitch",
        "display_group": "infrastructure",
        "display_color": "#e377c2",
        "display_label": "Recreation",
        "infra_field": "leisure",
        "infra_type": "pitch",
        "infra_class": "Recreation",
        "infra_category": "Recreation",
        "infra_name": "North Meadow Baseball Field 4",
        "display_name": "North Meadow Baseball Field 4",
        "gate_name": null,
        "gate_name_status": null,
        "needs_gate_name_review": "False",
        "snap_dist_m": 70.01574561836375,
        "index_right": 17,
        "grid_x": 4,
        "grid_y": 3,
        "grid_id": "43",
        "lat": 40.7916816,
        "lon": -73.9596246,
        "cell_seq": 2,
        "grid_node_code": "43002"
      },
      "geometry": {
        "type": "Point",
        "coordinates": [
          -73.9596246,
          40.7916816
        ]
      }
    },
    {
      "type": "Feature",
      "properties": {
        "node_id": "INF_0040",
        "node_type": "infrastructure",
        "node_subtype": "amenity:drinking_water",
        "degree": null,
        "source": "infrastructure",
        "source_edge": "E00793",
        "name": "Drinking Water",
        "notes": "useful_infrastructure; amenity:drinking_water",
        "display_group": "infrastructure",
        "display_color": "#17becf",
        "display_label": "Drinking water",
        "infra_field": "amenity",
        "infra_type": "drinking_water",
        "infra_class": "Drinking water",
        "infra_category": "Drinking water",
        "infra_name": "Drinking Water",
        "display_name": "Drinking Water",
        "gate_name": null,
        "gate_name_status": null,
        "needs_gate_name_review": "False",
        "snap_dist_m": 1.1507155250163426,
        "index_right": 17,
        "grid_x": 4,
        "grid_y": 3,
        "grid_id": "43",
        "lat": 40.79157329623581,
        "lon": -73.95827863926151,
        "cell_seq": 5,
        "grid_node_code": "43005"
      },
      "geometry": {
        "type": "Point",
        "coordinates": [
          -73.95827863926151,
          40.79157329623581
        ]
      }
    },
    {
      "type": "Feature",
      "properties": {
        "node_id": "INF_0208",
        "node_type": "infrastructure",
        "node_subtype": "leisure:pitch",
        "degree": null,
        "source": "infrastructure",
        "source_edge": "E09379",
        "name": "Pitch",
        "notes": "useful_infrastructure; leisure:pitch",
        "display_group": "infrastructure",
        "display_color": "#e377c2",
        "display_label": "Recreation",
        "infra_field": "leisure",
        "infra_type": "pitch",
        "infra_class": "Recreation",
        "infra_category": "Recreation",
        "infra_name": "Pitch",
        "display_name": "Pitch",
        "gate_name": null,
        "gate_name_status": null,
        "needs_gate_name_review": "False",
        "snap_dist_m": 1.972798309603471,
        "index_right": 17,
        "grid_x": 4,
        "grid_y": 3,
        "grid_id": "43",
        "lat": 40.79140318534522,
        "lon": -73.95955383820431,
        "cell_seq": 7,
        "grid_node_code": "43007"
      },
      "geometry": {
        "type": "Point",
        "coordinates": [
          -73.95955383820431,
          40.79140318534522
        ]
      }
    },
    {
      "type": "Feature",
      "properties": {
        "node_id": "INF_0199",
        "node_type": "infrastructure",
        "node_subtype": "leisure:pitch",
        "degree": null,
        "source": "infrastructure",
        "source_edge": "E00893",
        "name": "North Meadow Softball Field 12",
        "notes": "useful_infrastructure; leisure:pitch",
        "display_group": "infrastructure",
        "display_color": "#e377c2",
        "display_label": "Recreation",
        "infra_field": "leisure",
        "infra_type": "pitch",
        "infra_class": "Recreation",
        "infra_category": "Recreation",
        "infra_name": "North Meadow Softball Field 12",
        "display_name": "North Meadow Softball Field 12",
        "gate_name": null,
        "gate_name_status": null,
        "needs_gate_name_review": "False",
        "snap_dist_m": 29.276104476846726,
        "index_right": 17,
        "grid_x": 4,
        "grid_y": 3,
        "grid_id": "43",
        "lat": 40.791330093622896,
        "lon": -73.95831627706586,
        "cell_seq": 8,
        "grid_node_code": "43008"
      },
      "geometry": {
        "type": "Point",
        "coordinates": [
          -73.95831627706586,
          40.791330093622896
        ]
      }
    },
    {
      "type": "Feature",
      "properties": {
        "node_id": "INF_0192",
        "node_type": "infrastructure",
        "node_subtype": "leisure:sports_centre",
        "degree": null,
        "source": "infrastructure",
        "source_edge": "E12340",
        "name": "North Meadow Recreation Center",
        "notes": "useful_infrastructure; leisure:sports_centre",
        "display_group": "infrastructure",
        "display_color": "#e377c2",
        "display_label": "Recreation",
        "infra_field": "leisure",
        "infra_type": "sports_centre",
        "infra_class": "Recreation",
        "infra_category": "Recreation",
        "infra_name": "North Meadow Recreation Center",
        "display_name": "North Meadow Recreation Center",
        "gate_name": null,
        "gate_name_status": null,
        "needs_gate_name_review": "False",
        "snap_dist_m": 1.256210276645526,
        "index_right": 17,
        "grid_x": 4,
        "grid_y": 3,
        "grid_id": "43",
        "lat": 40.79125403630812,
        "lon": -73.9595219305719,
        "cell_seq": 10,
        "grid_node_code": "43010"
      },
      "geometry": {
        "type": "Point",
        "coordinates": [
          -73.9595219305719,
          40.79125403630812
        ]
      }
    },
    {
      "type": "Feature",
      "properties": {
        "node_id": "INF_0293",
        "node_type": "infrastructure",
        "node_subtype": "amenity:toilets",
        "degree": null,
        "source": "infrastructure",
        "source_edge": "E12341",
        "name": "Toilets",
        "notes": "useful_infrastructure; amenity:toilets",
        "display_group": "infrastructure",
        "display_color": "#1f77b4",
        "display_label": "Restroom",
        "infra_field": "amenity",
        "infra_type": "toilets",
        "infra_class": "Restroom",
        "infra_category": "Restroom",
        "infra_name": "Toilets",
        "display_name": "Toilets",
        "gate_name": null,
        "gate_name_status": null,
        "needs_gate_name_review": "False",
        "snap_dist_m": 12.836579055418127,
        "index_right": 17,
        "grid_x": 4,
        "grid_y": 3,
        "grid_id": "43",
        "lat": 40.79122294383532,
        "lon": -73.9592579755139,
        "cell_seq": 11,
        "grid_node_code": "43011"
      },
      "geometry": {
        "type": "Point",
        "coordinates": [
          -73.9592579755139,
          40.79122294383532
        ]
      }
    },
    {
      "type": "Feature",
      "properties": {
        "node_id": "INF_0102",
        "node_type": "infrastructure",
        "node_subtype": "amenity:drinking_water",
        "degree": null,
        "source": "infrastructure",
        "source_edge": "E12341",
        "name": "Drinking Water",
        "notes": "useful_infrastructure; amenity:drinking_water",
        "display_group": "infrastructure",
        "display_color": "#17becf",
        "display_label": "Drinking water",
        "infra_field": "amenity",
        "infra_type": "drinking_water",
        "infra_class": "Drinking water",
        "infra_category": "Drinking water",
        "infra_name": "Drinking Water",
        "display_name": "Drinking Water",
        "gate_name": null,
        "gate_name_status": null,
        "needs_gate_name_review": "False",
        "snap_dist_m": 7.127437206153059,
        "index_right": 17,
        "grid_x": 4,
        "grid_y": 3,
        "grid_id": "43",
        "lat": 40.79122068886703,
        "lon": -73.95924128315006,
        "cell_seq": 12,
        "grid_node_code": "43012"
      },
      "geometry": {
        "type": "Point",
        "coordinates": [
          -73.95924128315006,
          40.79122068886703
        ]
      }
    },
    {
      "type": "Feature",
      "properties": {
        "node_id": "INF_0297",
        "node_type": "infrastructure",
        "node_subtype": "amenity:toilets",
        "degree": null,
        "source": "infrastructure",
        "source_edge": "E12314",
        "name": "Toilets",
        "notes": "useful_infrastructure; amenity:toilets",
        "display_group": "infrastructure",
        "display_color": "#1f77b4",
        "display_label": "Restroom",
        "infra_field": "amenity",
        "infra_type": "toilets",
        "infra_class": "Restroom",
        "infra_category": "Restroom",
        "infra_name": "Toilets",
        "display_name": "Toilets",
        "gate_name": null,
        "gate_name_status": null,
        "needs_gate_name_review": "False",
        "snap_dist_m": 25.440509371495445,
        "index_right": 17,
        "grid_x": 4,
        "grid_y": 3,
        "grid_id": "43",
        "lat": 40.79117732335155,
        "lon": -73.95959430084001,
        "cell_seq": 13,
        "grid_node_code": "43013"
      },
      "geometry": {
        "type": "Point",
        "coordinates": [
          -73.95959430084001,
          40.79117732335155
        ]
      }
    },
    {
      "type": "Feature",
      "properties": {
        "node_id": "INF_0215",
        "node_type": "infrastructure",
        "node_subtype": "leisure:pitch",
        "degree": null,
        "source": "infrastructure",
        "source_edge": "E12313",
        "name": "Pitch",
        "notes": "useful_infrastructure; leisure:pitch",
        "display_group": "infrastructure",
        "display_color": "#e377c2",
        "display_label": "Recreation",
        "infra_field": "leisure",
        "infra_type": "pitch",
        "infra_class": "Recreation",
        "infra_category": "Recreation",
        "infra_name": "Pitch",
        "display_name": "Pitch",
        "gate_name": null,
        "gate_name_status": null,
        "needs_gate_name_review": "False",
        "snap_dist_m": 14.4820370995633,
        "index_right": 17,
        "grid_x": 4,
        "grid_y": 3,
        "grid_id": "43",
        "lat": 40.79110639730743,
        "lon": -73.95960692507342,
        "cell_seq": 14,
        "grid_node_code": "43014"
      },
      "geometry": {
        "type": "Point",
        "coordinates": [
          -73.95960692507342,
          40.79110639730743
        ]
      }
    },
    {
      "type": "Feature",
      "properties": {
        "node_id": "INF_0214",
        "node_type": "infrastructure",
        "node_subtype": "leisure:pitch",
        "degree": null,
        "source": "infrastructure",
        "source_edge": "E12313",
        "name": "Pitch",
        "notes": "useful_infrastructure; leisure:pitch",
        "display_group": "infrastructure",
        "display_color": "#e377c2",
        "display_label": "Recreation",
        "infra_field": "leisure",
        "infra_type": "pitch",
        "infra_class": "Recreation",
        "infra_category": "Recreation",
        "infra_name": "Pitch",
        "display_name": "Pitch",
        "gate_name": null,
        "gate_name_status": null,
        "needs_gate_name_review": "False",
        "snap_dist_m": 14.347669736488072,
        "index_right": 17,
        "grid_x": 4,
        "grid_y": 3,
        "grid_id": "43",
        "lat": 40.79102117364359,
        "lon": -73.95962343576389,
        "cell_seq": 15,
        "grid_node_code": "43015"
      },
      "geometry": {
        "type": "Point",
        "coordinates": [
          -73.95962343576389,
          40.79102117364359
        ]
      }
    },
    {
      "type": "Feature",
      "properties": {
        "node_id": "INF_0213",
        "node_type": "infrastructure",
        "node_subtype": "leisure:pitch",
        "degree": null,
        "source": "infrastructure",
        "source_edge": "E12310",
        "name": "Pitch",
        "notes": "useful_infrastructure; leisure:pitch",
        "display_group": "infrastructure",
        "display_color": "#e377c2",
        "display_label": "Recreation",
        "infra_field": "leisure",
        "infra_type": "pitch",
        "infra_class": "Recreation",
        "infra_category": "Recreation",
        "infra_name": "Pitch",
        "display_name": "Pitch",
        "gate_name": null,
        "gate_name_status": null,
        "needs_gate_name_review": "False",
        "snap_dist_m": 12.98237127516012,
        "index_right": 17,
        "grid_x": 4,
        "grid_y": 3,
        "grid_id": "43",
        "lat": 40.790839370192785,
        "lon": -73.95979661914224,
        "cell_seq": 16,
        "grid_node_code": "43016"
      },
      "geometry": {
        "type": "Point",
        "coordinates": [
          -73.95979661914224,
          40.790839370192785
        ]
      }
    },
    {
      "type": "Feature",
      "properties": {
        "node_id": "INF_0099",
        "node_type": "infrastructure",
        "node_subtype": "amenity:drinking_water",
        "degree": null,
        "source": "infrastructure",
        "source_edge": "E00875",
        "name": "Drinking Water",
        "notes": "useful_infrastructure; amenity:drinking_water",
        "display_group": "infrastructure",
        "display_color": "#17becf",
        "display_label": "Drinking water",
        "infra_field": "amenity",
        "infra_type": "drinking_water",
        "infra_class": "Drinking water",
        "infra_category": "Drinking water",
        "infra_name": "Drinking Water",
        "display_name": "Drinking Water",
        "gate_name": null,
        "gate_name_status": null,
        "needs_gate_name_review": "False",
        "snap_dist_m": 6.345857294772318,
        "index_right": 17,
        "grid_x": 4,
        "grid_y": 3,
        "grid_id": "43",
        "lat": 40.79079645483695,
        "lon": -73.9594549421598,
        "cell_seq": 18,
        "grid_node_code": "43018"
      },
      "geometry": {
        "type": "Point",
        "coordinates": [
          -73.9594549421598,
          40.79079645483695
        ]
      }
    },
    {
      "type": "Feature",
      "properties": {
        "node_id": "INF_0226",
        "node_type": "infrastructure",
        "node_subtype": "leisure:pitch",
        "degree": null,
        "source": "infrastructure",
        "source_edge": "E04129",
        "name": "Pitch",
        "notes": "useful_infrastructure; leisure:pitch",
        "display_group": "infrastructure",
        "display_color": "#e377c2",
        "display_label": "Recreation",
        "infra_field": "leisure",
        "infra_type": "pitch",
        "infra_class": "Recreation",
        "infra_category": "Recreation",
        "infra_name": "Pitch",
        "display_name": "Pitch",
        "gate_name": null,
        "gate_name_status": null,
        "needs_gate_name_review": "False",
        "snap_dist_m": 31.948390055029627,
        "index_right": 17,
        "grid_x": 4,
        "grid_y": 3,
        "grid_id": "43",
        "lat": 40.7895603,
        "lon": -73.9609893,
        "cell_seq": 25,
        "grid_node_code": "43025"
      },
      "geometry": {
        "type": "Point",
        "coordinates": [
          -73.9609893,
          40.7895603
        ]
      }
    },
    {
      "type": "Feature",
      "properties": {
        "node_id": "INF_0228",
        "node_type": "infrastructure",
        "node_subtype": "leisure:pitch",
        "degree": null,
        "source": "infrastructure",
        "source_edge": "E04130",
        "name": "Pitch",
        "notes": "useful_infrastructure; leisure:pitch",
        "display_group": "infrastructure",
        "display_color": "#e377c2",
        "display_label": "Recreation",
        "infra_field": "leisure",
        "infra_type": "pitch",
        "infra_class": "Recreation",
        "infra_category": "Recreation",
        "infra_name": "Pitch",
        "display_name": "Pitch",
        "gate_name": null,
        "gate_name_status": null,
        "needs_gate_name_review": "False",
        "snap_dist_m": 32.65787154518569,
        "index_right": 17,
        "grid_x": 4,
        "grid_y": 3,
        "grid_id": "43",
        "lat": 40.7895418,
        "lon": -73.9610982,
        "cell_seq": 26,
        "grid_node_code": "43026"
      },
      "geometry": {
        "type": "Point",
        "coordinates": [
          -73.9610982,
          40.78954179999999
        ]
      }
    },
    {
      "type": "Feature",
      "properties": {
        "node_id": "INF_0230",
        "node_type": "infrastructure",
        "node_subtype": "leisure:pitch",
        "degree": null,
        "source": "infrastructure",
        "source_edge": "E04132",
        "name": "Pitch",
        "notes": "useful_infrastructure; leisure:pitch",
        "display_group": "infrastructure",
        "display_color": "#e377c2",
        "display_label": "Recreation",
        "infra_field": "leisure",
        "infra_type": "pitch",
        "infra_class": "Recreation",
        "infra_category": "Recreation",
        "infra_name": "Pitch",
        "display_name": "Pitch",
        "gate_name": null,
        "gate_name_status": null,
        "needs_gate_name_review": "False",
        "snap_dist_m": 35.05377944799572,
        "index_right": 17,
        "grid_x": 4,
        "grid_y": 3,
        "grid_id": "43",
        "lat": 40.78951391477745,
        "lon": -73.9611998224983,
        "cell_seq": 27,
        "grid_node_code": "43027"
      },
      "geometry": {
        "type": "Point",
        "coordinates": [
          -73.9611998224983,
          40.78951391477745
        ]
      }
    },
    {
      "type": "Feature",
      "properties": {
        "node_id": "INF_0233",
        "node_type": "infrastructure",
        "node_subtype": "leisure:pitch",
        "degree": null,
        "source": "infrastructure",
        "source_edge": "E04133",
        "name": "Pitch",
        "notes": "useful_infrastructure; leisure:pitch",
        "display_group": "infrastructure",
        "display_color": "#e377c2",
        "display_label": "Recreation",
        "infra_field": "leisure",
        "infra_type": "pitch",
        "infra_class": "Recreation",
        "infra_category": "Recreation",
        "infra_name": "Pitch",
        "display_name": "Pitch",
        "gate_name": null,
        "gate_name_status": null,
        "needs_gate_name_review": "False",
        "snap_dist_m": 38.73445135367798,
        "index_right": 17,
        "grid_x": 4,
        "grid_y": 3,
        "grid_id": "43",
        "lat": 40.78946318526452,
        "lon": -73.96133719434192,
        "cell_seq": 28,
        "grid_node_code": "43028"
      },
      "geometry": {
        "type": "Point",
        "coordinates": [
          -73.96133719434192,
          40.78946318526452
        ]
      }
    },
    {
      "type": "Feature",
      "properties": {
        "node_id": "INF_0235",
        "node_type": "infrastructure",
        "node_subtype": "leisure:pitch",
        "degree": null,
        "source": "infrastructure",
        "source_edge": "E04134",
        "name": "Pitch",
        "notes": "useful_infrastructure; leisure:pitch",
        "display_group": "infrastructure",
        "display_color": "#e377c2",
        "display_label": "Recreation",
        "infra_field": "leisure",
        "infra_type": "pitch",
        "infra_class": "Recreation",
        "infra_category": "Recreation",
        "infra_name": "Pitch",
        "display_name": "Pitch",
        "gate_name": null,
        "gate_name_status": null,
        "needs_gate_name_review": "False",
        "snap_dist_m": 42.128288765838874,
        "index_right": 17,
        "grid_x": 4,
        "grid_y": 3,
        "grid_id": "43",
        "lat": 40.7893901670759,
        "lon": -73.96155715557909,
        "cell_seq": 29,
        "grid_node_code": "43029"
      },
      "geometry": {
        "type": "Point",
        "coordinates": [
          -73.96155715557909,
          40.7893901670759
        ]
      }
    },
    {
      "type": "Feature",
      "properties": {
        "node_id": "INF_0319",
        "node_type": "infrastructure",
        "node_subtype": "entrance:main",
        "degree": null,
        "source": "infrastructure",
        "source_edge": "E07439",
        "name": "Unnamed main entrance",
        "notes": "useful_infrastructure; entrance:main",
        "display_group": "infrastructure",
        "display_color": "#7f7f7f",
        "display_label": "Entrance / gate",
        "infra_field": "entrance",
        "infra_type": "main",
        "infra_class": "Entrance / gate",
        "infra_category": "Entrance / gate",
        "infra_name": "Unnamed main entrance",
        "display_name": "Unnamed main entrance",
        "gate_name": null,
        "gate_name_status": "missing_name",
        "needs_gate_name_review": "True",
        "snap_dist_m": 2.9630663177201355,
        "index_right": 17,
        "grid_x": 4,
        "grid_y": 3,
        "grid_id": "43",
        "lat": 40.78893004263793,
        "lon": -73.9614243430136,
        "cell_seq": 33,
        "grid_node_code": "43033"
      },
      "geometry": {
        "type": "Point",
        "coordinates": [
          -73.9614243430136,
          40.78893004263793
        ]
      }
    },
    {
      "type": "Feature",
      "properties": {
        "node_id": "INF_0041",
        "node_type": "infrastructure",
        "node_subtype": "amenity:drinking_water",
        "degree": null,
        "source": "infrastructure",
        "source_edge": "E07441",
        "name": "Drinking Water",
        "notes": "useful_infrastructure; amenity:drinking_water",
        "display_group": "infrastructure",
        "display_color": "#17becf",
        "display_label": "Drinking water",
        "infra_field": "amenity",
        "infra_type": "drinking_water",
        "infra_class": "Drinking water",
        "infra_category": "Drinking water",
        "infra_name": "Drinking Water",
        "display_name": "Drinking Water",
        "gate_name": null,
        "gate_name_status": null,
        "needs_gate_name_review": "False",
        "snap_dist_m": 1.1524197756872245,
        "index_right": 17,
        "grid_x": 4,
        "grid_y": 3,
        "grid_id": "43",
        "lat": 40.78882746876079,
        "lon": -73.96196847528294,
        "cell_seq": 35,
        "grid_node_code": "43035"
      },
      "geometry": {
        "type": "Point",
        "coordinates": [
          -73.96196847528294,
          40.78882746876079
        ]
      }
    },
    {
      "type": "Feature",
      "properties": {
        "node_id": "INF_0193",
        "node_type": "infrastructure",
        "node_subtype": "leisure:pitch",
        "degree": null,
        "source": "infrastructure",
        "source_edge": "E04570",
        "name": "North Meadow Soccer Field 1",
        "notes": "useful_infrastructure; leisure:pitch",
        "display_group": "infrastructure",
        "display_color": "#e377c2",
        "display_label": "Recreation",
        "infra_field": "leisure",
        "infra_type": "pitch",
        "infra_class": "Recreation",
        "infra_category": "Recreation",
        "infra_name": "North Meadow Soccer Field 1",
        "display_name": "North Meadow Soccer Field 1",
        "gate_name": null,
        "gate_name_status": null,
        "needs_gate_name_review": "False",
        "snap_dist_m": 58.75887582194681,
        "index_right": 18,
        "grid_x": 4,
        "grid_y": 4,
        "grid_id": "44",
        "lat": 40.792619089933034,
        "lon": -73.96139690637466,
        "cell_seq": 1,
        "grid_node_code": "44001"
      },
      "geometry": {
        "type": "Point",
        "coordinates": [
          -73.96139690637466,
          40.792619089933034
        ]
      }
    },
    {
      "type": "Feature",
      "properties": {
        "node_id": "INF_0200",
        "node_type": "infrastructure",
        "node_subtype": "leisure:pitch",
        "degree": null,
        "source": "infrastructure",
        "source_edge": "E04414",
        "name": "North Meadow Softball Field 2",
        "notes": "useful_infrastructure; leisure:pitch",
        "display_group": "infrastructure",
        "display_color": "#e377c2",
        "display_label": "Recreation",
        "infra_field": "leisure",
        "infra_type": "pitch",
        "infra_class": "Recreation",
        "infra_category": "Recreation",
        "infra_name": "North Meadow Softball Field 2",
        "display_name": "North Meadow Softball Field 2",
        "gate_name": null,
        "gate_name_status": null,
        "needs_gate_name_review": "False",
        "snap_dist_m": 29.56076345270165,
        "index_right": 18,
        "grid_x": 4,
        "grid_y": 4,
        "grid_id": "44",
        "lat": 40.79220669969904,
        "lon": -73.96140564063157,
        "cell_seq": 4,
        "grid_node_code": "44004"
      },
      "geometry": {
        "type": "Point",
        "coordinates": [
          -73.96140564063157,
          40.79220669969904
        ]
      }
    },
    {
      "type": "Feature",
      "properties": {
        "node_id": "INF_0061",
        "node_type": "infrastructure",
        "node_subtype": "amenity:drinking_water",
        "degree": null,
        "source": "infrastructure",
        "source_edge": "E00850",
        "name": "Drinking Water",
        "notes": "useful_infrastructure; amenity:drinking_water",
        "display_group": "infrastructure",
        "display_color": "#17becf",
        "display_label": "Drinking water",
        "infra_field": "amenity",
        "infra_type": "drinking_water",
        "infra_class": "Drinking water",
        "infra_category": "Drinking water",
        "infra_name": "Drinking Water",
        "display_name": "Drinking Water",
        "gate_name": null,
        "gate_name_status": null,
        "needs_gate_name_review": "False",
        "snap_dist_m": 2.469419886071322,
        "index_right": 18,
        "grid_x": 4,
        "grid_y": 4,
        "grid_id": "44",
        "lat": 40.7920383765009,
        "lon": -73.9613237410479,
        "cell_seq": 6,
        "grid_node_code": "44006"
      },
      "geometry": {
        "type": "Point",
        "coordinates": [
          -73.9613237410479,
          40.7920383765009
        ]
      }
    },
    {
      "type": "Feature",
      "properties": {
        "node_id": "INF_0188",
        "node_type": "infrastructure",
        "node_subtype": "leisure:pitch",
        "degree": null,
        "source": "infrastructure",
        "source_edge": "E00846",
        "name": "North Meadow Baseball Field 3",
        "notes": "useful_infrastructure; leisure:pitch",
        "display_group": "infrastructure",
        "display_color": "#e377c2",
        "display_label": "Recreation",
        "infra_field": "leisure",
        "infra_type": "pitch",
        "infra_class": "Recreation",
        "infra_category": "Recreation",
        "infra_name": "North Meadow Baseball Field 3",
        "display_name": "North Meadow Baseball Field 3",
        "gate_name": null,
        "gate_name_status": null,
        "needs_gate_name_review": "False",
        "snap_dist_m": 29.243227546427004,
        "index_right": 18,
        "grid_x": 4,
        "grid_y": 4,
        "grid_id": "44",
        "lat": 40.79175718820502,
        "lon": -73.9611200215893,
        "cell_seq": 7,
        "grid_node_code": "44007"
      },
      "geometry": {
        "type": "Point",
        "coordinates": [
          -73.9611200215893,
          40.79175718820502
        ]
      }
    },
    {
      "type": "Feature",
      "properties": {
        "node_id": "INF_0194",
        "node_type": "infrastructure",
        "node_subtype": "leisure:pitch",
        "degree": null,
        "source": "infrastructure",
        "source_edge": "E00824",
        "name": "North Meadow Soccer Field 2",
        "notes": "useful_infrastructure; leisure:pitch",
        "display_group": "infrastructure",
        "display_color": "#e377c2",
        "display_label": "Recreation",
        "infra_field": "leisure",
        "infra_type": "pitch",
        "infra_class": "Recreation",
        "infra_category": "Recreation",
        "infra_name": "North Meadow Soccer Field 2",
        "display_name": "North Meadow Soccer Field 2",
        "gate_name": null,
        "gate_name_status": null,
        "needs_gate_name_review": "False",
        "snap_dist_m": 45.95053472097715,
        "index_right": 18,
        "grid_x": 4,
        "grid_y": 4,
        "grid_id": "44",
        "lat": 40.7915406,
        "lon": -73.9600845,
        "cell_seq": 9,
        "grid_node_code": "44009"
      },
      "geometry": {
        "type": "Point",
        "coordinates": [
          -73.9600845,
          40.7915406
        ]
      }
    },
    {
      "type": "Feature",
      "properties": {
        "node_id": "INF_0242",
        "node_type": "infrastructure",
        "node_subtype": "leisure:pitch",
        "degree": null,
        "source": "infrastructure",
        "source_edge": "E04503",
        "name": "Pitch",
        "notes": "useful_infrastructure; leisure:pitch",
        "display_group": "infrastructure",
        "display_color": "#e377c2",
        "display_label": "Recreation",
        "infra_field": "leisure",
        "infra_type": "pitch",
        "infra_class": "Recreation",
        "infra_category": "Recreation",
        "infra_name": "Pitch",
        "display_name": "Pitch",
        "gate_name": null,
        "gate_name_status": null,
        "needs_gate_name_review": "False",
        "snap_dist_m": 52.83395619431441,
        "index_right": 18,
        "grid_x": 4,
        "grid_y": 4,
        "grid_id": "44",
        "lat": 40.79063622217799,
        "lon": -73.96248889244788,
        "cell_seq": 13,
        "grid_node_code": "44013"
      },
      "geometry": {
        "type": "Point",
        "coordinates": [
          -73.96248889244788,
          40.79063622217799
        ]
      }
    },
    {
      "type": "Feature",
      "properties": {
        "node_id": "INF_0236",
        "node_type": "infrastructure",
        "node_subtype": "leisure:pitch",
        "degree": null,
        "source": "infrastructure",
        "source_edge": "E04504",
        "name": "Pitch",
        "notes": "useful_infrastructure; leisure:pitch",
        "display_group": "infrastructure",
        "display_color": "#e377c2",
        "display_label": "Recreation",
        "infra_field": "leisure",
        "infra_type": "pitch",
        "infra_class": "Recreation",
        "infra_category": "Recreation",
        "infra_name": "Pitch",
        "display_name": "Pitch",
        "gate_name": null,
        "gate_name_status": null,
        "needs_gate_name_review": "False",
        "snap_dist_m": 42.997273722560614,
        "index_right": 18,
        "grid_x": 4,
        "grid_y": 4,
        "grid_id": "44",
        "lat": 40.790601954625124,
        "lon": -73.9624188260318,
        "cell_seq": 14,
        "grid_node_code": "44014"
      },
      "geometry": {
        "type": "Point",
        "coordinates": [
          -73.9624188260318,
          40.790601954625124
        ]
      }
    },
    {
      "type": "Feature",
      "properties": {
        "node_id": "INF_0240",
        "node_type": "infrastructure",
        "node_subtype": "leisure:pitch",
        "degree": null,
        "source": "infrastructure",
        "source_edge": "E13709",
        "name": "Pitch",
        "notes": "useful_infrastructure; leisure:pitch",
        "display_group": "infrastructure",
        "display_color": "#e377c2",
        "display_label": "Recreation",
        "infra_field": "leisure",
        "infra_type": "pitch",
        "infra_class": "Recreation",
        "infra_category": "Recreation",
        "infra_name": "Pitch",
        "display_name": "Pitch",
        "gate_name": null,
        "gate_name_status": null,
        "needs_gate_name_review": "False",
        "snap_dist_m": 47.823203611855696,
        "index_right": 18,
        "grid_x": 4,
        "grid_y": 4,
        "grid_id": "44",
        "lat": 40.7905404,
        "lon": -73.9615287,
        "cell_seq": 16,
        "grid_node_code": "44016"
      },
      "geometry": {
        "type": "Point",
        "coordinates": [
          -73.9615287,
          40.7905404
        ]
      }
    },
    {
      "type": "Feature",
      "properties": {
        "node_id": "INF_0241",
        "node_type": "infrastructure",
        "node_subtype": "leisure:pitch",
        "degree": null,
        "source": "infrastructure",
        "source_edge": "E13709",
        "name": "Pitch",
        "notes": "useful_infrastructure; leisure:pitch",
        "display_group": "infrastructure",
        "display_color": "#e377c2",
        "display_label": "Recreation",
        "infra_field": "leisure",
        "infra_type": "pitch",
        "infra_class": "Recreation",
        "infra_category": "Recreation",
        "infra_name": "Pitch",
        "display_name": "Pitch",
        "gate_name": null,
        "gate_name_status": null,
        "needs_gate_name_review": "False",
        "snap_dist_m": 48.62384367264688,
        "index_right": 18,
        "grid_x": 4,
        "grid_y": 4,
        "grid_id": "44",
        "lat": 40.790525276082796,
        "lon": -73.9616805355443,
        "cell_seq": 17,
        "grid_node_code": "44017"
      },
      "geometry": {
        "type": "Point",
        "coordinates": [
          -73.9616805355443,
          40.790525276082796
        ]
      }
    },
    {
      "type": "Feature",
      "properties": {
        "node_id": "INF_0237",
        "node_type": "infrastructure",
        "node_subtype": "leisure:pitch",
        "degree": null,
        "source": "infrastructure",
        "source_edge": "E04376",
        "name": "Pitch",
        "notes": "useful_infrastructure; leisure:pitch",
        "display_group": "infrastructure",
        "display_color": "#e377c2",
        "display_label": "Recreation",
        "infra_field": "leisure",
        "infra_type": "pitch",
        "infra_class": "Recreation",
        "infra_category": "Recreation",
        "infra_name": "Pitch",
        "display_name": "Pitch",
        "gate_name": null,
        "gate_name_status": null,
        "needs_gate_name_review": "False",
        "snap_dist_m": 44.0157159959505,
        "index_right": 18,
        "grid_x": 4,
        "grid_y": 4,
        "grid_id": "44",
        "lat": 40.79048866286457,
        "lon": -73.96105280344287,
        "cell_seq": 19,
        "grid_node_code": "44019"
      },
      "geometry": {
        "type": "Point",
        "coordinates": [
          -73.96105280344287,
          40.79048866286457
        ]
      }
    },
    {
      "type": "Feature",
      "properties": {
        "node_id": "INF_0231",
        "node_type": "infrastructure",
        "node_subtype": "leisure:pitch",
        "degree": null,
        "source": "infrastructure",
        "source_edge": "E04375",
        "name": "Pitch",
        "notes": "useful_infrastructure; leisure:pitch",
        "display_group": "infrastructure",
        "display_color": "#e377c2",
        "display_label": "Recreation",
        "infra_field": "leisure",
        "infra_type": "pitch",
        "infra_class": "Recreation",
        "infra_category": "Recreation",
        "infra_name": "Pitch",
        "display_name": "Pitch",
        "gate_name": null,
        "gate_name_status": null,
        "needs_gate_name_review": "False",
        "snap_dist_m": 37.09647885225725,
        "index_right": 18,
        "grid_x": 4,
        "grid_y": 4,
        "grid_id": "44",
        "lat": 40.7904832,
        "lon": -73.9610386,
        "cell_seq": 20,
        "grid_node_code": "44020"
      },
      "geometry": {
        "type": "Point",
        "coordinates": [
          -73.9610386,
          40.7904832
        ]
      }
    },
    {
      "type": "Feature",
      "properties": {
        "node_id": "INF_0216",
        "node_type": "infrastructure",
        "node_subtype": "leisure:pitch",
        "degree": null,
        "source": "infrastructure",
        "source_edge": "E04387",
        "name": "Pitch",
        "notes": "useful_infrastructure; leisure:pitch",
        "display_group": "infrastructure",
        "display_color": "#e377c2",
        "display_label": "Recreation",
        "infra_field": "leisure",
        "infra_type": "pitch",
        "infra_class": "Recreation",
        "infra_category": "Recreation",
        "infra_name": "Pitch",
        "display_name": "Pitch",
        "gate_name": null,
        "gate_name_status": null,
        "needs_gate_name_review": "False",
        "snap_dist_m": 17.642449531174396,
        "index_right": 18,
        "grid_x": 4,
        "grid_y": 4,
        "grid_id": "44",
        "lat": 40.790342778680056,
        "lon": -73.96212728183166,
        "cell_seq": 21,
        "grid_node_code": "44021"
      },
      "geometry": {
        "type": "Point",
        "coordinates": [
          -73.96212728183166,
          40.790342778680056
        ]
      }
    },
    {
      "type": "Feature",
      "properties": {
        "node_id": "INF_0227",
        "node_type": "infrastructure",
        "node_subtype": "leisure:pitch",
        "degree": null,
        "source": "infrastructure",
        "source_edge": "E04387",
        "name": "Pitch",
        "notes": "useful_infrastructure; leisure:pitch",
        "display_group": "infrastructure",
        "display_color": "#e377c2",
        "display_label": "Recreation",
        "infra_field": "leisure",
        "infra_type": "pitch",
        "infra_class": "Recreation",
        "infra_category": "Recreation",
        "infra_name": "Pitch",
        "display_name": "Pitch",
        "gate_name": null,
        "gate_name_status": null,
        "needs_gate_name_review": "False",
        "snap_dist_m": 32.47038545372571,
        "index_right": 18,
        "grid_x": 4,
        "grid_y": 4,
        "grid_id": "44",
        "lat": 40.79034043990263,
        "lon": -73.96212674364027,
        "cell_seq": 22,
        "grid_node_code": "44022"
      },
      "geometry": {
        "type": "Point",
        "coordinates": [
          -73.96212674364027,
          40.79034043990263
        ]
      }
    },
    {
      "type": "Feature",
      "properties": {
        "node_id": "INF_0225",
        "node_type": "infrastructure",
        "node_subtype": "leisure:pitch",
        "degree": null,
        "source": "infrastructure",
        "source_edge": "E04387",
        "name": "Pitch",
        "notes": "useful_infrastructure; leisure:pitch",
        "display_group": "infrastructure",
        "display_color": "#e377c2",
        "display_label": "Recreation",
        "infra_field": "leisure",
        "infra_type": "pitch",
        "infra_class": "Recreation",
        "infra_category": "Recreation",
        "infra_name": "Pitch",
        "display_name": "Pitch",
        "gate_name": null,
        "gate_name_status": null,
        "needs_gate_name_review": "False",
        "snap_dist_m": 31.77845454306755,
        "index_right": 18,
        "grid_x": 4,
        "grid_y": 4,
        "grid_id": "44",
        "lat": 40.7903107,
        "lon": -73.9621199,
        "cell_seq": 23,
        "grid_node_code": "44023"
      },
      "geometry": {
        "type": "Point",
        "coordinates": [
          -73.9621199,
          40.7903107
        ]
      }
    },
    {
      "type": "Feature",
      "properties": {
        "node_id": "INF_0232",
        "node_type": "infrastructure",
        "node_subtype": "leisure:pitch",
        "degree": null,
        "source": "infrastructure",
        "source_edge": "E04305",
        "name": "Pitch",
        "notes": "useful_infrastructure; leisure:pitch",
        "display_group": "infrastructure",
        "display_color": "#e377c2",
        "display_label": "Recreation",
        "infra_field": "leisure",
        "infra_type": "pitch",
        "infra_class": "Recreation",
        "infra_category": "Recreation",
        "infra_name": "Pitch",
        "display_name": "Pitch",
        "gate_name": null,
        "gate_name_status": null,
        "needs_gate_name_review": "False",
        "snap_dist_m": 37.3444482238648,
        "index_right": 18,
        "grid_x": 4,
        "grid_y": 4,
        "grid_id": "44",
        "lat": 40.78960754066026,
        "lon": -73.96328687810741,
        "cell_seq": 25,
        "grid_node_code": "44025"
      },
      "geometry": {
        "type": "Point",
        "coordinates": [
          -73.96328687810741,
          40.78960754066026
        ]
      }
    },
    {
      "type": "Feature",
      "properties": {
        "node_id": "INF_0239",
        "node_type": "infrastructure",
        "node_subtype": "leisure:pitch",
        "degree": null,
        "source": "infrastructure",
        "source_edge": "E04306",
        "name": "Pitch",
        "notes": "useful_infrastructure; leisure:pitch",
        "display_group": "infrastructure",
        "display_color": "#e377c2",
        "display_label": "Recreation",
        "infra_field": "leisure",
        "infra_type": "pitch",
        "infra_class": "Recreation",
        "infra_category": "Recreation",
        "infra_name": "Pitch",
        "display_name": "Pitch",
        "gate_name": null,
        "gate_name_status": null,
        "needs_gate_name_review": "False",
        "snap_dist_m": 47.5574616741348,
        "index_right": 18,
        "grid_x": 4,
        "grid_y": 4,
        "grid_id": "44",
        "lat": 40.78959238180271,
        "lon": -73.96326011695268,
        "cell_seq": 26,
        "grid_node_code": "44026"
      },
      "geometry": {
        "type": "Point",
        "coordinates": [
          -73.96326011695268,
          40.78959238180271
        ]
      }
    },
    {
      "type": "Feature",
      "properties": {
        "node_id": "INF_0221",
        "node_type": "infrastructure",
        "node_subtype": "leisure:pitch",
        "degree": null,
        "source": "infrastructure",
        "source_edge": "E04313",
        "name": "Pitch",
        "notes": "useful_infrastructure; leisure:pitch",
        "display_group": "infrastructure",
        "display_color": "#e377c2",
        "display_label": "Recreation",
        "infra_field": "leisure",
        "infra_type": "pitch",
        "infra_class": "Recreation",
        "infra_category": "Recreation",
        "infra_name": "Pitch",
        "display_name": "Pitch",
        "gate_name": null,
        "gate_name_status": null,
        "needs_gate_name_review": "False",
        "snap_dist_m": 19.467102005252027,
        "index_right": 18,
        "grid_x": 4,
        "grid_y": 4,
        "grid_id": "44",
        "lat": 40.7894887,
        "lon": -73.9623333,
        "cell_seq": 29,
        "grid_node_code": "44029"
      },
      "geometry": {
        "type": "Point",
        "coordinates": [
          -73.9623333,
          40.7894887
        ]
      }
    },
    {
      "type": "Feature",
      "properties": {
        "node_id": "INF_0217",
        "node_type": "infrastructure",
        "node_subtype": "leisure:pitch",
        "degree": null,
        "source": "infrastructure",
        "source_edge": "E04307",
        "name": "Pitch",
        "notes": "useful_infrastructure; leisure:pitch",
        "display_group": "infrastructure",
        "display_color": "#e377c2",
        "display_label": "Recreation",
        "infra_field": "leisure",
        "infra_type": "pitch",
        "infra_class": "Recreation",
        "infra_category": "Recreation",
        "infra_name": "Pitch",
        "display_name": "Pitch",
        "gate_name": null,
        "gate_name_status": null,
        "needs_gate_name_review": "False",
        "snap_dist_m": 17.776642615321105,
        "index_right": 18,
        "grid_x": 4,
        "grid_y": 4,
        "grid_id": "44",
        "lat": 40.789485234458084,
        "lon": -73.96315327575792,
        "cell_seq": 30,
        "grid_node_code": "44030"
      },
      "geometry": {
        "type": "Point",
        "coordinates": [
          -73.96315327575792,
          40.789485234458084
        ]
      }
    },
    {
      "type": "Feature",
      "properties": {
        "node_id": "INF_0022",
        "node_type": "infrastructure",
        "node_subtype": "leisure:sports_centre",
        "degree": null,
        "source": "infrastructure",
        "source_edge": "E04315",
        "name": "Central Park Tennis Center",
        "notes": "useful_infrastructure; leisure:sports_centre",
        "display_group": "infrastructure",
        "display_color": "#e377c2",
        "display_label": "Recreation",
        "infra_field": "leisure",
        "infra_type": "sports_centre",
        "infra_class": "Recreation",
        "infra_category": "Recreation",
        "infra_name": "Central Park Tennis Center",
        "display_name": "Central Park Tennis Center",
        "gate_name": null,
        "gate_name_status": null,
        "needs_gate_name_review": "False",
        "snap_dist_m": 47.13607462384092,
        "index_right": 18,
        "grid_x": 4,
        "grid_y": 4,
        "grid_id": "44",
        "lat": 40.7894821,
        "lon": -73.9622941,
        "cell_seq": 31,
        "grid_node_code": "44031"
      },
      "geometry": {
        "type": "Point",
        "coordinates": [
          -73.9622941,
          40.7894821
        ]
      }
    },
    {
      "type": "Feature",
      "properties": {
        "node_id": "INF_0223",
        "node_type": "infrastructure",
        "node_subtype": "leisure:pitch",
        "degree": null,
        "source": "infrastructure",
        "source_edge": "E04315",
        "name": "Pitch",
        "notes": "useful_infrastructure; leisure:pitch",
        "display_group": "infrastructure",
        "display_color": "#e377c2",
        "display_label": "Recreation",
        "infra_field": "leisure",
        "infra_type": "pitch",
        "infra_class": "Recreation",
        "infra_category": "Recreation",
        "infra_name": "Pitch",
        "display_name": "Pitch",
        "gate_name": null,
        "gate_name_status": null,
        "needs_gate_name_review": "False",
        "snap_dist_m": 24.681458812352002,
        "index_right": 18,
        "grid_x": 4,
        "grid_y": 4,
        "grid_id": "44",
        "lat": 40.7894821,
        "lon": -73.9622941,
        "cell_seq": 32,
        "grid_node_code": "44032"
      },
      "geometry": {
        "type": "Point",
        "coordinates": [
          -73.9622941,
          40.7894821
        ]
      }
    },
    {
      "type": "Feature",
      "properties": {
        "node_id": "INF_0220",
        "node_type": "infrastructure",
        "node_subtype": "leisure:pitch",
        "degree": null,
        "source": "infrastructure",
        "source_edge": "E04313",
        "name": "Pitch",
        "notes": "useful_infrastructure; leisure:pitch",
        "display_group": "infrastructure",
        "display_color": "#e377c2",
        "display_label": "Recreation",
        "infra_field": "leisure",
        "infra_type": "pitch",
        "infra_class": "Recreation",
        "infra_category": "Recreation",
        "infra_name": "Pitch",
        "display_name": "Pitch",
        "gate_name": null,
        "gate_name_status": null,
        "needs_gate_name_review": "False",
        "snap_dist_m": 19.207282172762934,
        "index_right": 18,
        "grid_x": 4,
        "grid_y": 4,
        "grid_id": "44",
        "lat": 40.78947153740374,
        "lon": -73.96246080177916,
        "cell_seq": 33,
        "grid_node_code": "44033"
      },
      "geometry": {
        "type": "Point",
        "coordinates": [
          -73.96246080177916,
          40.78947153740374
        ]
      }
    },
    {
      "type": "Feature",
      "properties": {
        "node_id": "INF_0229",
        "node_type": "infrastructure",
        "node_subtype": "leisure:pitch",
        "degree": null,
        "source": "infrastructure",
        "source_edge": "E04318",
        "name": "Pitch",
        "notes": "useful_infrastructure; leisure:pitch",
        "display_group": "infrastructure",
        "display_color": "#e377c2",
        "display_label": "Recreation",
        "infra_field": "leisure",
        "infra_type": "pitch",
        "infra_class": "Recreation",
        "infra_category": "Recreation",
        "infra_name": "Pitch",
        "display_name": "Pitch",
        "gate_name": null,
        "gate_name_status": null,
        "needs_gate_name_review": "False",
        "snap_dist_m": 33.38759065527053,
        "index_right": 18,
        "grid_x": 4,
        "grid_y": 4,
        "grid_id": "44",
        "lat": 40.78945775516841,
        "lon": -73.96224018811601,
        "cell_seq": 34,
        "grid_node_code": "44034"
      },
      "geometry": {
        "type": "Point",
        "coordinates": [
          -73.96224018811601,
          40.78945775516841
        ]
      }
    },
    {
      "type": "Feature",
      "properties": {
        "node_id": "INF_0219",
        "node_type": "infrastructure",
        "node_subtype": "leisure:pitch",
        "degree": null,
        "source": "infrastructure",
        "source_edge": "E04312",
        "name": "Pitch",
        "notes": "useful_infrastructure; leisure:pitch",
        "display_group": "infrastructure",
        "display_color": "#e377c2",
        "display_label": "Recreation",
        "infra_field": "leisure",
        "infra_type": "pitch",
        "infra_class": "Recreation",
        "infra_category": "Recreation",
        "infra_name": "Pitch",
        "display_name": "Pitch",
        "gate_name": null,
        "gate_name_status": null,
        "needs_gate_name_review": "False",
        "snap_dist_m": 19.117083118012356,
        "index_right": 18,
        "grid_x": 4,
        "grid_y": 4,
        "grid_id": "44",
        "lat": 40.789450317589825,
        "lon": -73.96261863593728,
        "cell_seq": 35,
        "grid_node_code": "44035"
      },
      "geometry": {
        "type": "Point",
        "coordinates": [
          -73.96261863593728,
          40.789450317589825
        ]
      }
    },
    {
      "type": "Feature",
      "properties": {
        "node_id": "INF_0218",
        "node_type": "infrastructure",
        "node_subtype": "leisure:pitch",
        "degree": null,
        "source": "infrastructure",
        "source_edge": "E04312",
        "name": "Pitch",
        "notes": "useful_infrastructure; leisure:pitch",
        "display_group": "infrastructure",
        "display_color": "#e377c2",
        "display_label": "Recreation",
        "infra_field": "leisure",
        "infra_type": "pitch",
        "infra_class": "Recreation",
        "infra_category": "Recreation",
        "infra_name": "Pitch",
        "display_name": "Pitch",
        "gate_name": null,
        "gate_name_status": null,
        "needs_gate_name_review": "False",
        "snap_dist_m": 19.01940269337618,
        "index_right": 18,
        "grid_x": 4,
        "grid_y": 4,
        "grid_id": "44",
        "lat": 40.789428384136116,
        "lon": -73.96278220958209,
        "cell_seq": 36,
        "grid_node_code": "44036"
      },
      "geometry": {
        "type": "Point",
        "coordinates": [
          -73.96278220958209,
          40.789428384136116
        ]
      }
    },
    {
      "type": "Feature",
      "properties": {
        "node_id": "INF_0234",
        "node_type": "infrastructure",
        "node_subtype": "leisure:pitch",
        "degree": null,
        "source": "infrastructure",
        "source_edge": "E04248",
        "name": "Pitch",
        "notes": "useful_infrastructure; leisure:pitch",
        "display_group": "infrastructure",
        "display_color": "#e377c2",
        "display_label": "Recreation",
        "infra_field": "leisure",
        "infra_type": "pitch",
        "infra_class": "Recreation",
        "infra_category": "Recreation",
        "infra_name": "Pitch",
        "display_name": "Pitch",
        "gate_name": null,
        "gate_name_status": null,
        "needs_gate_name_review": "False",
        "snap_dist_m": 40.70110931030632,
        "index_right": 18,
        "grid_x": 4,
        "grid_y": 4,
        "grid_id": "44",
        "lat": 40.7893666,
        "lon": -73.9618098,
        "cell_seq": 38,
        "grid_node_code": "44038"
      },
      "geometry": {
        "type": "Point",
        "coordinates": [
          -73.9618098,
          40.7893666
        ]
      }
    },
    {
      "type": "Feature",
      "properties": {
        "node_id": "INF_0317",
        "node_type": "infrastructure",
        "node_subtype": "barrier:gate",
        "degree": null,
        "source": "infrastructure",
        "source_edge": "E04248",
        "name": "Unnamed gate",
        "notes": "useful_infrastructure; barrier:gate",
        "display_group": "infrastructure",
        "display_color": "#7f7f7f",
        "display_label": "Entrance / gate",
        "infra_field": "barrier",
        "infra_type": "gate",
        "infra_class": "Entrance / gate",
        "infra_category": "Entrance / gate",
        "infra_name": "Unnamed gate",
        "display_name": "Unnamed gate",
        "gate_name": null,
        "gate_name_status": "missing_name",
        "needs_gate_name_review": "True",
        "snap_dist_m": 23.475497034475485,
        "index_right": 18,
        "grid_x": 4,
        "grid_y": 4,
        "grid_id": "44",
        "lat": 40.7893666,
        "lon": -73.9618098,
        "cell_seq": 39,
        "grid_node_code": "44039"
      },
      "geometry": {
        "type": "Point",
        "coordinates": [
          -73.9618098,
          40.7893666
        ]
      }
    },
    {
      "type": "Feature",
      "properties": {
        "node_id": "INF_0286",
        "node_type": "infrastructure",
        "node_subtype": "amenity:toilets",
        "degree": null,
        "source": "infrastructure",
        "source_edge": "E04135",
        "name": "Toilets",
        "notes": "useful_infrastructure; amenity:toilets",
        "display_group": "infrastructure",
        "display_color": "#1f77b4",
        "display_label": "Restroom",
        "infra_field": "amenity",
        "infra_type": "toilets",
        "infra_class": "Restroom",
        "infra_category": "Restroom",
        "infra_name": "Toilets",
        "display_name": "Toilets",
        "gate_name": null,
        "gate_name_status": null,
        "needs_gate_name_review": "False",
        "snap_dist_m": 7.436135643488352,
        "index_right": 18,
        "grid_x": 4,
        "grid_y": 4,
        "grid_id": "44",
        "lat": 40.789354163349294,
        "lon": -73.96172878630951,
        "cell_seq": 41,
        "grid_node_code": "44041"
      },
      "geometry": {
        "type": "Point",
        "coordinates": [
          -73.96172878630951,
          40.789354163349294
        ]
      }
    },
    {
      "type": "Feature",
      "properties": {
        "node_id": "INF_0287",
        "node_type": "infrastructure",
        "node_subtype": "amenity:toilets",
        "degree": null,
        "source": "infrastructure",
        "source_edge": "E04249",
        "name": "Toilets",
        "notes": "useful_infrastructure; amenity:toilets",
        "display_group": "infrastructure",
        "display_color": "#1f77b4",
        "display_label": "Restroom",
        "infra_field": "amenity",
        "infra_type": "toilets",
        "infra_class": "Restroom",
        "infra_category": "Restroom",
        "infra_name": "Toilets",
        "display_name": "Toilets",
        "gate_name": null,
        "gate_name_status": null,
        "needs_gate_name_review": "False",
        "snap_dist_m": 7.672436852746096,
        "index_right": 18,
        "grid_x": 4,
        "grid_y": 4,
        "grid_id": "44",
        "lat": 40.78931556387381,
        "lon": -73.96203392204622,
        "cell_seq": 44,
        "grid_node_code": "44044"
      },
      "geometry": {
        "type": "Point",
        "coordinates": [
          -73.96203392204622,
          40.78931556387381
        ]
      }
    },
    {
      "type": "Feature",
      "properties": {
        "node_id": "INF_0266",
        "node_type": "infrastructure",
        "node_subtype": "leisure:playground",
        "degree": null,
        "source": "infrastructure",
        "source_edge": "E13717",
        "name": "Tarr Family Playground",
        "notes": "useful_infrastructure; leisure:playground",
        "display_group": "infrastructure",
        "display_color": "#e377c2",
        "display_label": "Recreation",
        "infra_field": "leisure",
        "infra_type": "playground",
        "infra_class": "Recreation",
        "infra_category": "Recreation",
        "infra_name": "Tarr Family Playground",
        "display_name": "Tarr Family Playground",
        "gate_name": null,
        "gate_name_status": null,
        "needs_gate_name_review": "False",
        "snap_dist_m": 22.665563850090532,
        "index_right": 19,
        "grid_x": 4,
        "grid_y": 5,
        "grid_id": "45",
        "lat": 40.7937427,
        "lon": -73.9623628,
        "cell_seq": 2,
        "grid_node_code": "45002"
      },
      "geometry": {
        "type": "Point",
        "coordinates": [
          -73.9623628,
          40.7937427
        ]
      }
    },
    {
      "type": "Feature",
      "properties": {
        "node_id": "INF_0101",
        "node_type": "infrastructure",
        "node_subtype": "amenity:drinking_water",
        "degree": null,
        "source": "infrastructure",
        "source_edge": "E07636",
        "name": "Drinking Water",
        "notes": "useful_infrastructure; amenity:drinking_water",
        "display_group": "infrastructure",
        "display_color": "#17becf",
        "display_label": "Drinking water",
        "infra_field": "amenity",
        "infra_type": "drinking_water",
        "infra_class": "Drinking water",
        "infra_category": "Drinking water",
        "infra_name": "Drinking Water",
        "display_name": "Drinking Water",
        "gate_name": null,
        "gate_name_status": null,
        "needs_gate_name_review": "False",
        "snap_dist_m": 6.528514211398844,
        "index_right": 19,
        "grid_x": 4,
        "grid_y": 5,
        "grid_id": "45",
        "lat": 40.79362006476432,
        "lon": -73.9622343496195,
        "cell_seq": 3,
        "grid_node_code": "45003"
      },
      "geometry": {
        "type": "Point",
        "coordinates": [
          -73.9622343496195,
          40.79362006476432
        ]
      }
    },
    {
      "type": "Feature",
      "properties": {
        "node_id": "INF_0250",
        "node_type": "infrastructure",
        "node_subtype": "leisure:playground",
        "degree": null,
        "source": "infrastructure",
        "source_edge": "E09116",
        "name": "Rudin Family Playground",
        "notes": "useful_infrastructure; leisure:playground",
        "display_group": "infrastructure",
        "display_color": "#e377c2",
        "display_label": "Recreation",
        "infra_field": "leisure",
        "infra_type": "playground",
        "infra_class": "Recreation",
        "infra_category": "Recreation",
        "infra_name": "Rudin Family Playground",
        "display_name": "Rudin Family Playground",
        "gate_name": null,
        "gate_name_status": null,
        "needs_gate_name_review": "False",
        "snap_dist_m": 55.30066627996214,
        "index_right": 19,
        "grid_x": 4,
        "grid_y": 5,
        "grid_id": "45",
        "lat": 40.7914336,
        "lon": -73.9641986,
        "cell_seq": 22,
        "grid_node_code": "45022"
      },
      "geometry": {
        "type": "Point",
        "coordinates": [
          -73.9641986,
          40.79143359999998
        ]
      }
    },
    {
      "type": "Feature",
      "properties": {
        "node_id": "INF_0268",
        "node_type": "infrastructure",
        "node_subtype": "leisure:playground",
        "degree": null,
        "source": "infrastructure",
        "source_edge": "E04538",
        "name": "Tarr-Coyne Wild West Playground",
        "notes": "useful_infrastructure; leisure:playground",
        "display_group": "infrastructure",
        "display_color": "#e377c2",
        "display_label": "Recreation",
        "infra_field": "leisure",
        "infra_type": "playground",
        "infra_class": "Recreation",
        "infra_category": "Recreation",
        "infra_name": "Tarr-Coyne Wild West Playground",
        "display_name": "Tarr-Coyne Wild West Playground",
        "gate_name": null,
        "gate_name_status": null,
        "needs_gate_name_review": "False",
        "snap_dist_m": 24.701983780024683,
        "index_right": 19,
        "grid_x": 4,
        "grid_y": 5,
        "grid_id": "45",
        "lat": 40.7895571,
        "lon": -73.9653852,
        "cell_seq": 36,
        "grid_node_code": "45036"
      },
      "geometry": {
        "type": "Point",
        "coordinates": [
          -73.9653852,
          40.7895571
        ]
      }
    },
    {
      "type": "Feature",
      "properties": {
        "node_id": "INF_0114",
        "node_type": "infrastructure",
        "node_subtype": "amenity:drinking_water",
        "degree": null,
        "source": "infrastructure",
        "source_edge": "E04478",
        "name": "Drinking Water",
        "notes": "useful_infrastructure; amenity:drinking_water",
        "display_group": "infrastructure",
        "display_color": "#17becf",
        "display_label": "Drinking water",
        "infra_field": "amenity",
        "infra_type": "drinking_water",
        "infra_class": "Drinking water",
        "infra_category": "Drinking water",
        "infra_name": "Drinking Water",
        "display_name": "Drinking Water",
        "gate_name": null,
        "gate_name_status": null,
        "needs_gate_name_review": "False",
        "snap_dist_m": 11.751773020622638,
        "index_right": 19,
        "grid_x": 4,
        "grid_y": 5,
        "grid_id": "45",
        "lat": 40.789475035190165,
        "lon": -73.96577706355613,
        "cell_seq": 37,
        "grid_node_code": "45037"
      },
      "geometry": {
        "type": "Point",
        "coordinates": [
          -73.96577706355613,
          40.789475035190165
        ]
      }
    },
    {
      "type": "Feature",
      "properties": {
        "node_id": "INF_0064",
        "node_type": "infrastructure",
        "node_subtype": "amenity:drinking_water",
        "degree": null,
        "source": "infrastructure",
        "source_edge": "E00234",
        "name": "Drinking Water",
        "notes": "useful_infrastructure; amenity:drinking_water",
        "display_group": "infrastructure",
        "display_color": "#17becf",
        "display_label": "Drinking water",
        "infra_field": "amenity",
        "infra_type": "drinking_water",
        "infra_class": "Drinking water",
        "infra_category": "Drinking water",
        "infra_name": "Drinking Water",
        "display_name": "Drinking Water",
        "gate_name": null,
        "gate_name_status": null,
        "needs_gate_name_review": "False",
        "snap_dist_m": 2.700043657253438,
        "index_right": 19,
        "grid_x": 4,
        "grid_y": 5,
        "grid_id": "45",
        "lat": 40.78939998094159,
        "lon": -73.96395437121917,
        "cell_seq": 39,
        "grid_node_code": "45039"
      },
      "geometry": {
        "type": "Point",
        "coordinates": [
          -73.96395437121917,
          40.78939998094159
        ]
      }
    },
    {
      "type": "Feature",
      "properties": {
        "node_id": "INF_0083",
        "node_type": "infrastructure",
        "node_subtype": "amenity:drinking_water",
        "degree": null,
        "source": "infrastructure",
        "source_edge": "E00235",
        "name": "Drinking Water",
        "notes": "useful_infrastructure; amenity:drinking_water",
        "display_group": "infrastructure",
        "display_color": "#17becf",
        "display_label": "Drinking water",
        "infra_field": "amenity",
        "infra_type": "drinking_water",
        "infra_class": "Drinking water",
        "infra_category": "Drinking water",
        "infra_name": "Drinking Water",
        "display_name": "Drinking Water",
        "gate_name": null,
        "gate_name_status": null,
        "needs_gate_name_review": "False",
        "snap_dist_m": 3.8463502014993662,
        "index_right": 19,
        "grid_x": 4,
        "grid_y": 5,
        "grid_id": "45",
        "lat": 40.78939611417544,
        "lon": -73.96391108513322,
        "cell_seq": 40,
        "grid_node_code": "45040"
      },
      "geometry": {
        "type": "Point",
        "coordinates": [
          -73.96391108513322,
          40.78939611417544
        ]
      }
    },
    {
      "type": "Feature",
      "properties": {
        "node_id": "INF_0182",
        "node_type": "infrastructure",
        "node_subtype": "entrance:emergency",
        "degree": null,
        "source": "infrastructure",
        "source_edge": "E14300",
        "name": "NYCT emergency exit",
        "notes": "useful_infrastructure; entrance:emergency",
        "display_group": "infrastructure",
        "display_color": "#7f7f7f",
        "display_label": "Entrance / gate",
        "infra_field": "entrance",
        "infra_type": "emergency",
        "infra_class": "Entrance / gate",
        "infra_category": "Entrance / gate",
        "infra_name": "NYCT emergency exit",
        "display_name": "NYCT emergency exit",
        "gate_name": "NYCT emergency exit",
        "gate_name_status": "named",
        "needs_gate_name_review": "False",
        "snap_dist_m": 43.890628854402195,
        "index_right": 19,
        "grid_x": 4,
        "grid_y": 5,
        "grid_id": "45",
        "lat": 40.7884323,
        "lon": -73.9662568,
        "cell_seq": 49,
        "grid_node_code": "45049"
      },
      "geometry": {
        "type": "Point",
        "coordinates": [
          -73.9662568,
          40.7884323
        ]
      }
    },
    {
      "type": "Feature",
      "properties": {
        "node_id": "INF_0252",
        "node_type": "infrastructure",
        "node_subtype": "leisure:playground",
        "degree": null,
        "source": "infrastructure",
        "source_edge": "E14300",
        "name": "Safari Playground",
        "notes": "useful_infrastructure; leisure:playground",
        "display_group": "infrastructure",
        "display_color": "#e377c2",
        "display_label": "Recreation",
        "infra_field": "leisure",
        "infra_type": "playground",
        "infra_class": "Recreation",
        "infra_category": "Recreation",
        "infra_name": "Safari Playground",
        "display_name": "Safari Playground",
        "gate_name": null,
        "gate_name_status": null,
        "needs_gate_name_review": "False",
        "snap_dist_m": 14.086456185834669,
        "index_right": 19,
        "grid_x": 4,
        "grid_y": 5,
        "grid_id": "45",
        "lat": 40.7884323,
        "lon": -73.9662568,
        "cell_seq": 50,
        "grid_node_code": "45050"
      },
      "geometry": {
        "type": "Point",
        "coordinates": [
          -73.9662568,
          40.7884323
        ]
      }
    },
    {
      "type": "Feature",
      "properties": {
        "node_id": "INF_0314",
        "node_type": "infrastructure",
        "node_subtype": "barrier:gate",
        "degree": null,
        "source": "infrastructure",
        "source_edge": "E14300",
        "name": "Unnamed gate",
        "notes": "useful_infrastructure; barrier:gate",
        "display_group": "infrastructure",
        "display_color": "#7f7f7f",
        "display_label": "Entrance / gate",
        "infra_field": "barrier",
        "infra_type": "gate",
        "infra_class": "Entrance / gate",
        "infra_category": "Entrance / gate",
        "infra_name": "Unnamed gate",
        "display_name": "Unnamed gate",
        "gate_name": null,
        "gate_name_status": "missing_name",
        "needs_gate_name_review": "True",
        "snap_dist_m": 0.0,
        "index_right": 19,
        "grid_x": 4,
        "grid_y": 5,
        "grid_id": "45",
        "lat": 40.7884323,
        "lon": -73.9662568,
        "cell_seq": 51,
        "grid_node_code": "45051"
      },
      "geometry": {
        "type": "Point",
        "coordinates": [
          -73.9662568,
          40.7884323
        ]
      }
    },
    {
      "type": "Feature",
      "properties": {
        "node_id": "INF_0042",
        "node_type": "infrastructure",
        "node_subtype": "amenity:drinking_water",
        "degree": null,
        "source": "infrastructure",
        "source_edge": "E07775",
        "name": "Drinking Water",
        "notes": "useful_infrastructure; amenity:drinking_water",
        "display_group": "infrastructure",
        "display_color": "#17becf",
        "display_label": "Drinking water",
        "infra_field": "amenity",
        "infra_type": "drinking_water",
        "infra_class": "Drinking water",
        "infra_category": "Drinking water",
        "infra_name": "Drinking Water",
        "display_name": "Drinking Water",
        "gate_name": null,
        "gate_name_status": null,
        "needs_gate_name_review": "False",
        "snap_dist_m": 1.1823406299607047,
        "index_right": 20,
        "grid_x": 5,
        "grid_y": 1,
        "grid_id": "51",
        "lat": 40.797124246492274,
        "lon": -73.95125903948599,
        "cell_seq": 2,
        "grid_node_code": "51002"
      },
      "geometry": {
        "type": "Point",
        "coordinates": [
          -73.95125903948599,
          40.797124246492274
        ]
      }
    },
    {
      "type": "Feature",
      "properties": {
        "node_id": "INF_0086",
        "node_type": "infrastructure",
        "node_subtype": "amenity:drinking_water",
        "degree": null,
        "source": "infrastructure",
        "source_edge": "E07757",
        "name": "Drinking Water",
        "notes": "useful_infrastructure; amenity:drinking_water",
        "display_group": "infrastructure",
        "display_color": "#17becf",
        "display_label": "Drinking water",
        "infra_field": "amenity",
        "infra_type": "drinking_water",
        "infra_class": "Drinking water",
        "infra_category": "Drinking water",
        "infra_name": "Drinking Water",
        "display_name": "Drinking Water",
        "gate_name": null,
        "gate_name_status": null,
        "needs_gate_name_review": "False",
        "snap_dist_m": 4.010415537016022,
        "index_right": 20,
        "grid_x": 5,
        "grid_y": 1,
        "grid_id": "51",
        "lat": 40.79685669050772,
        "lon": -73.95010561168763,
        "cell_seq": 6,
        "grid_node_code": "51006"
      },
      "geometry": {
        "type": "Point",
        "coordinates": [
          -73.95010561168763,
          40.79685669050772
        ]
      }
    },
    {
      "type": "Feature",
      "properties": {
        "node_id": "INF_0207",
        "node_type": "infrastructure",
        "node_subtype": "barrier:gate",
        "degree": null,
        "source": "infrastructure",
        "source_edge": "E03797",
        "name": "Pioneers Gate",
        "notes": "useful_infrastructure; barrier:gate",
        "display_group": "infrastructure",
        "display_color": "#7f7f7f",
        "display_label": "Entrance / gate",
        "infra_field": "barrier",
        "infra_type": "gate",
        "infra_class": "Entrance / gate",
        "infra_category": "Entrance / gate",
        "infra_name": "Pioneers Gate",
        "display_name": "Pioneers Gate",
        "gate_name": "Pioneers Gate",
        "gate_name_status": "named",
        "needs_gate_name_review": "False",
        "snap_dist_m": 8.038814535755016,
        "index_right": 20,
        "grid_x": 5,
        "grid_y": 1,
        "grid_id": "51",
        "lat": 40.7967394,
        "lon": -73.9498983,
        "cell_seq": 7,
        "grid_node_code": "51007"
      },
      "geometry": {
        "type": "Point",
        "coordinates": [
          -73.9498983,
          40.796739400000014
        ]
      }
    },
    {
      "type": "Feature",
      "properties": {
        "node_id": "INF_0109",
        "node_type": "infrastructure",
        "node_subtype": "amenity:drinking_water",
        "degree": null,
        "source": "infrastructure",
        "source_edge": "E03786",
        "name": "Drinking Water",
        "notes": "useful_infrastructure; amenity:drinking_water",
        "display_group": "infrastructure",
        "display_color": "#17becf",
        "display_label": "Drinking water",
        "infra_field": "amenity",
        "infra_type": "drinking_water",
        "infra_class": "Drinking water",
        "infra_category": "Drinking water",
        "infra_name": "Drinking Water",
        "display_name": "Drinking Water",
        "gate_name": null,
        "gate_name_status": null,
        "needs_gate_name_review": "False",
        "snap_dist_m": 9.56611286224496,
        "index_right": 20,
        "grid_x": 5,
        "grid_y": 1,
        "grid_id": "51",
        "lat": 40.79594228767752,
        "lon": -73.95040821784504,
        "cell_seq": 8,
        "grid_node_code": "51008"
      },
      "geometry": {
        "type": "Point",
        "coordinates": [
          -73.95040821784504,
          40.79594228767752
        ]
      }
    },
    {
      "type": "Feature",
      "properties": {
        "node_id": "INF_0012",
        "node_type": "infrastructure",
        "node_subtype": "leisure:playground",
        "degree": null,
        "source": "infrastructure",
        "source_edge": "E03785",
        "name": "Bernard Family Playground",
        "notes": "useful_infrastructure; leisure:playground",
        "display_group": "infrastructure",
        "display_color": "#e377c2",
        "display_label": "Recreation",
        "infra_field": "leisure",
        "infra_type": "playground",
        "infra_class": "Recreation",
        "infra_category": "Recreation",
        "infra_name": "Bernard Family Playground",
        "display_name": "Bernard Family Playground",
        "gate_name": null,
        "gate_name_status": null,
        "needs_gate_name_review": "False",
        "snap_dist_m": 13.026885042196861,
        "index_right": 20,
        "grid_x": 5,
        "grid_y": 1,
        "grid_id": "51",
        "lat": 40.795813082125726,
        "lon": -73.9505189377919,
        "cell_seq": 9,
        "grid_node_code": "51009"
      },
      "geometry": {
        "type": "Point",
        "coordinates": [
          -73.9505189377919,
          40.795813082125726
        ]
      }
    },
    {
      "type": "Feature",
      "properties": {
        "node_id": "INF_0116",
        "node_type": "infrastructure",
        "node_subtype": "amenity:drinking_water",
        "degree": null,
        "source": "infrastructure",
        "source_edge": "E03784",
        "name": "Drinking Water",
        "notes": "useful_infrastructure; amenity:drinking_water",
        "display_group": "infrastructure",
        "display_color": "#17becf",
        "display_label": "Drinking water",
        "infra_field": "amenity",
        "infra_type": "drinking_water",
        "infra_class": "Drinking water",
        "infra_category": "Drinking water",
        "infra_name": "Drinking Water",
        "display_name": "Drinking Water",
        "gate_name": null,
        "gate_name_status": null,
        "needs_gate_name_review": "False",
        "snap_dist_m": 12.959618742949829,
        "index_right": 20,
        "grid_x": 5,
        "grid_y": 1,
        "grid_id": "51",
        "lat": 40.79577187859017,
        "lon": -73.95054756507218,
        "cell_seq": 11,
        "grid_node_code": "51011"
      },
      "geometry": {
        "type": "Point",
        "coordinates": [
          -73.95054756507218,
          40.79577187859017
        ]
      }
    },
    {
      "type": "Feature",
      "properties": {
        "node_id": "INF_0130",
        "node_type": "infrastructure",
        "node_subtype": "tourism:attraction",
        "degree": null,
        "source": "infrastructure",
        "source_edge": "E03821",
        "name": "Fort Clinton",
        "notes": "useful_infrastructure; tourism:attraction",
        "display_group": "infrastructure",
        "display_color": "#9467bd",
        "display_label": "Information / landmark",
        "infra_field": "tourism",
        "infra_type": "attraction",
        "infra_class": "Information / landmark",
        "infra_category": "Information / landmark",
        "infra_name": "Fort Clinton",
        "display_name": "Fort Clinton",
        "gate_name": null,
        "gate_name_status": null,
        "needs_gate_name_review": "False",
        "snap_dist_m": 9.336286037075181,
        "index_right": 20,
        "grid_x": 5,
        "grid_y": 1,
        "grid_id": "51",
        "lat": 40.7953026,
        "lon": -73.9522479,
        "cell_seq": 15,
        "grid_node_code": "51015"
      },
      "geometry": {
        "type": "Point",
        "coordinates": [
          -73.9522479,
          40.7953026
        ]
      }
    },
    {
      "type": "Feature",
      "properties": {
        "node_id": "INF_0345",
        "node_type": "infrastructure",
        "node_subtype": "tourism:viewpoint",
        "degree": null,
        "source": "infrastructure",
        "source_edge": "E03821",
        "name": "Viewpoint",
        "notes": "useful_infrastructure; tourism:viewpoint",
        "display_group": "infrastructure",
        "display_color": "#9467bd",
        "display_label": "Information / landmark",
        "infra_field": "tourism",
        "infra_type": "viewpoint",
        "infra_class": "Information / landmark",
        "infra_category": "Information / landmark",
        "infra_name": "Viewpoint",
        "display_name": "Viewpoint",
        "gate_name": null,
        "gate_name_status": null,
        "needs_gate_name_review": "False",
        "snap_dist_m": 11.479599618453506,
        "index_right": 20,
        "grid_x": 5,
        "grid_y": 1,
        "grid_id": "51",
        "lat": 40.7953026,
        "lon": -73.9522479,
        "cell_seq": 16,
        "grid_node_code": "51016"
      },
      "geometry": {
        "type": "Point",
        "coordinates": [
          -73.9522479,
          40.7953026
        ]
      }
    },
    {
      "type": "Feature",
      "properties": {
        "node_id": "INF_0303",
        "node_type": "infrastructure",
        "node_subtype": "barrier:gate",
        "degree": null,
        "source": "infrastructure",
        "source_edge": "E02267",
        "name": "Unnamed gate",
        "notes": "useful_infrastructure; barrier:gate",
        "display_group": "infrastructure",
        "display_color": "#7f7f7f",
        "display_label": "Entrance / gate",
        "infra_field": "barrier",
        "infra_type": "gate",
        "infra_class": "Entrance / gate",
        "infra_category": "Entrance / gate",
        "infra_name": "Unnamed gate",
        "display_name": "Unnamed gate",
        "gate_name": null,
        "gate_name_status": "missing_name",
        "needs_gate_name_review": "True",
        "snap_dist_m": 0.0,
        "index_right": 20,
        "grid_x": 5,
        "grid_y": 1,
        "grid_id": "51",
        "lat": 40.7945179,
        "lon": -73.9522293,
        "cell_seq": 23,
        "grid_node_code": "51023"
      },
      "geometry": {
        "type": "Point",
        "coordinates": [
          -73.9522293,
          40.79451790000001
        ]
      }
    },
    {
      "type": "Feature",
      "properties": {
        "node_id": "INF_0272",
        "node_type": "infrastructure",
        "node_subtype": "barrier:gate",
        "degree": null,
        "source": "infrastructure",
        "source_edge": "E13714",
        "name": "The Emily Mumford Gate",
        "notes": "useful_infrastructure; barrier:gate",
        "display_group": "infrastructure",
        "display_color": "#7f7f7f",
        "display_label": "Entrance / gate",
        "infra_field": "barrier",
        "infra_type": "gate",
        "infra_class": "Entrance / gate",
        "infra_category": "Entrance / gate",
        "infra_name": "The Emily Mumford Gate",
        "display_name": "The Emily Mumford Gate",
        "gate_name": "The Emily Mumford Gate",
        "gate_name_status": "named",
        "needs_gate_name_review": "False",
        "snap_dist_m": 0.0,
        "index_right": 20,
        "grid_x": 5,
        "grid_y": 1,
        "grid_id": "51",
        "lat": 40.7945162,
        "lon": -73.951768,
        "cell_seq": 24,
        "grid_node_code": "51024"
      },
      "geometry": {
        "type": "Point",
        "coordinates": [
          -73.951768,
          40.7945162
        ]
      }
    },
    {
      "type": "Feature",
      "properties": {
        "node_id": "INF_0107",
        "node_type": "infrastructure",
        "node_subtype": "amenity:drinking_water",
        "degree": null,
        "source": "infrastructure",
        "source_edge": "E03772",
        "name": "Drinking Water",
        "notes": "useful_infrastructure; amenity:drinking_water",
        "display_group": "infrastructure",
        "display_color": "#17becf",
        "display_label": "Drinking water",
        "infra_field": "amenity",
        "infra_type": "drinking_water",
        "infra_class": "Drinking water",
        "infra_category": "Drinking water",
        "infra_name": "Drinking Water",
        "display_name": "Drinking Water",
        "gate_name": null,
        "gate_name_status": null,
        "needs_gate_name_review": "False",
        "snap_dist_m": 8.559200751044274,
        "index_right": 20,
        "grid_x": 5,
        "grid_y": 1,
        "grid_id": "51",
        "lat": 40.79449009877537,
        "lon": -73.9513706599047,
        "cell_seq": 26,
        "grid_node_code": "51026"
      },
      "geometry": {
        "type": "Point",
        "coordinates": [
          -73.9513706599047,
          40.79449009877537
        ]
      }
    },
    {
      "type": "Feature",
      "properties": {
        "node_id": "INF_0038",
        "node_type": "infrastructure",
        "node_subtype": "amenity:drinking_water",
        "degree": null,
        "source": "infrastructure",
        "source_edge": "E02281",
        "name": "Drinking Water",
        "notes": "useful_infrastructure; amenity:drinking_water",
        "display_group": "infrastructure",
        "display_color": "#17becf",
        "display_label": "Drinking water",
        "infra_field": "amenity",
        "infra_type": "drinking_water",
        "infra_class": "Drinking water",
        "infra_category": "Drinking water",
        "infra_name": "Drinking Water",
        "display_name": "Drinking Water",
        "gate_name": null,
        "gate_name_status": null,
        "needs_gate_name_review": "False",
        "snap_dist_m": 1.0488863204919332,
        "index_right": 20,
        "grid_x": 5,
        "grid_y": 1,
        "grid_id": "51",
        "lat": 40.79424882399792,
        "lon": -73.95260543016326,
        "cell_seq": 41,
        "grid_node_code": "51041"
      },
      "geometry": {
        "type": "Point",
        "coordinates": [
          -73.95260543016326,
          40.79424882399792
        ]
      }
    },
    {
      "type": "Feature",
      "properties": {
        "node_id": "INF_0279",
        "node_type": "infrastructure",
        "node_subtype": "tourism:artwork",
        "degree": null,
        "source": "infrastructure",
        "source_edge": "E09528",
        "name": "Three Dancing Maidens \u2013 Untermyer Fountain",
        "notes": "useful_infrastructure; tourism:artwork",
        "display_group": "infrastructure",
        "display_color": "#9467bd",
        "display_label": "Information / landmark",
        "infra_field": "tourism",
        "infra_type": "artwork",
        "infra_class": "Information / landmark",
        "infra_category": "Information / landmark",
        "infra_name": "Three Dancing Maidens \u2013 Untermyer Fountain",
        "display_name": "Three Dancing Maidens \u2013 Untermyer Fountain",
        "gate_name": null,
        "gate_name_status": null,
        "needs_gate_name_review": "False",
        "snap_dist_m": 5.063818041142222,
        "index_right": 20,
        "grid_x": 5,
        "grid_y": 1,
        "grid_id": "51",
        "lat": 40.79424408500866,
        "lon": -73.95189574028325,
        "cell_seq": 42,
        "grid_node_code": "51042"
      },
      "geometry": {
        "type": "Point",
        "coordinates": [
          -73.95189574028325,
          40.79424408500866
        ]
      }
    },
    {
      "type": "Feature",
      "properties": {
        "node_id": "INF_0020",
        "node_type": "infrastructure",
        "node_subtype": "amenity:toilets",
        "degree": null,
        "source": "infrastructure",
        "source_edge": "E02282",
        "name": "Central Park Conservancy",
        "notes": "useful_infrastructure; amenity:toilets",
        "display_group": "infrastructure",
        "display_color": "#1f77b4",
        "display_label": "Restroom",
        "infra_field": "amenity",
        "infra_type": "toilets",
        "infra_class": "Restroom",
        "infra_category": "Restroom",
        "infra_name": "Central Park Conservancy",
        "display_name": "Central Park Conservancy",
        "gate_name": null,
        "gate_name_status": null,
        "needs_gate_name_review": "False",
        "snap_dist_m": 8.60377668987629,
        "index_right": 20,
        "grid_x": 5,
        "grid_y": 1,
        "grid_id": "51",
        "lat": 40.79415595253739,
        "lon": -73.95264862377489,
        "cell_seq": 51,
        "grid_node_code": "51051"
      },
      "geometry": {
        "type": "Point",
        "coordinates": [
          -73.95264862377489,
          40.79415595253739
        ]
      }
    },
    {
      "type": "Feature",
      "properties": {
        "node_id": "INF_0021",
        "node_type": "infrastructure",
        "node_subtype": "amenity:toilets",
        "degree": null,
        "source": "infrastructure",
        "source_edge": "E03638",
        "name": "Central Park Conservancy",
        "notes": "useful_infrastructure; amenity:toilets",
        "display_group": "infrastructure",
        "display_color": "#1f77b4",
        "display_label": "Restroom",
        "infra_field": "amenity",
        "infra_type": "toilets",
        "infra_class": "Restroom",
        "infra_category": "Restroom",
        "infra_name": "Central Park Conservancy",
        "display_name": "Central Park Conservancy",
        "gate_name": null,
        "gate_name_status": null,
        "needs_gate_name_review": "False",
        "snap_dist_m": 8.689514378481496,
        "index_right": 20,
        "grid_x": 5,
        "grid_y": 1,
        "grid_id": "51",
        "lat": 40.79368087464522,
        "lon": -73.9529943557723,
        "cell_seq": 63,
        "grid_node_code": "51063"
      },
      "geometry": {
        "type": "Point",
        "coordinates": [
          -73.9529943557723,
          40.79368087464522
        ]
      }
    },
    {
      "type": "Feature",
      "properties": {
        "node_id": "INF_0331",
        "node_type": "infrastructure",
        "node_subtype": "barrier:gate",
        "degree": null,
        "source": "infrastructure",
        "source_edge": "E03720",
        "name": "Vanderbilt Gate",
        "notes": "useful_infrastructure; barrier:gate",
        "display_group": "infrastructure",
        "display_color": "#7f7f7f",
        "display_label": "Entrance / gate",
        "infra_field": "barrier",
        "infra_type": "gate",
        "infra_class": "Entrance / gate",
        "infra_category": "Entrance / gate",
        "infra_name": "Vanderbilt Gate",
        "display_name": "Vanderbilt Gate",
        "gate_name": "Vanderbilt Gate",
        "gate_name_status": "named",
        "needs_gate_name_review": "False",
        "snap_dist_m": 13.166271643827049,
        "index_right": 20,
        "grid_x": 5,
        "grid_y": 1,
        "grid_id": "51",
        "lat": 40.79362566012524,
        "lon": -73.95200487601463,
        "cell_seq": 66,
        "grid_node_code": "51066"
      },
      "geometry": {
        "type": "Point",
        "coordinates": [
          -73.95200487601463,
          40.79362566012524
        ]
      }
    },
    {
      "type": "Feature",
      "properties": {
        "node_id": "INF_0039",
        "node_type": "infrastructure",
        "node_subtype": "amenity:drinking_water",
        "degree": null,
        "source": "infrastructure",
        "source_edge": "E03627",
        "name": "Drinking Water",
        "notes": "useful_infrastructure; amenity:drinking_water",
        "display_group": "infrastructure",
        "display_color": "#17becf",
        "display_label": "Drinking water",
        "infra_field": "amenity",
        "infra_type": "drinking_water",
        "infra_class": "Drinking water",
        "infra_category": "Drinking water",
        "infra_name": "Drinking Water",
        "display_name": "Drinking Water",
        "gate_name": null,
        "gate_name_status": null,
        "needs_gate_name_review": "False",
        "snap_dist_m": 1.0629906220767946,
        "index_right": 20,
        "grid_x": 5,
        "grid_y": 1,
        "grid_id": "51",
        "lat": 40.793603083803696,
        "lon": -73.95307728472558,
        "cell_seq": 67,
        "grid_node_code": "51067"
      },
      "geometry": {
        "type": "Point",
        "coordinates": [
          -73.95307728472558,
          40.793603083803696
        ]
      }
    },
    {
      "type": "Feature",
      "properties": {
        "node_id": "INF_0017",
        "node_type": "infrastructure",
        "node_subtype": "tourism:artwork",
        "degree": null,
        "source": "infrastructure",
        "source_edge": "E09723",
        "name": "Burnett Memorial Fountain",
        "notes": "useful_infrastructure; tourism:artwork",
        "display_group": "infrastructure",
        "display_color": "#9467bd",
        "display_label": "Information / landmark",
        "infra_field": "tourism",
        "infra_type": "artwork",
        "infra_class": "Information / landmark",
        "infra_category": "Information / landmark",
        "infra_name": "Burnett Memorial Fountain",
        "display_name": "Burnett Memorial Fountain",
        "gate_name": null,
        "gate_name_status": null,
        "needs_gate_name_review": "False",
        "snap_dist_m": 2.911916874779331,
        "index_right": 20,
        "grid_x": 5,
        "grid_y": 1,
        "grid_id": "51",
        "lat": 40.79313503517162,
        "lon": -73.95277578940195,
        "cell_seq": 82,
        "grid_node_code": "51082"
      },
      "geometry": {
        "type": "Point",
        "coordinates": [
          -73.95277578940195,
          40.79313503517162
        ]
      }
    },
    {
      "type": "Feature",
      "properties": {
        "node_id": "INF_0050",
        "node_type": "infrastructure",
        "node_subtype": "amenity:drinking_water",
        "degree": null,
        "source": "infrastructure",
        "source_edge": "E02162",
        "name": "Drinking Water",
        "notes": "useful_infrastructure; amenity:drinking_water",
        "display_group": "infrastructure",
        "display_color": "#17becf",
        "display_label": "Drinking water",
        "infra_field": "amenity",
        "infra_type": "drinking_water",
        "infra_class": "Drinking water",
        "infra_category": "Drinking water",
        "infra_name": "Drinking Water",
        "display_name": "Drinking Water",
        "gate_name": null,
        "gate_name_status": null,
        "needs_gate_name_review": "False",
        "snap_dist_m": 2.224502457732253,
        "index_right": 20,
        "grid_x": 5,
        "grid_y": 1,
        "grid_id": "51",
        "lat": 40.79287999992298,
        "lon": -73.95433780907258,
        "cell_seq": 95,
        "grid_node_code": "51095"
      },
      "geometry": {
        "type": "Point",
        "coordinates": [
          -73.95433780907258,
          40.79287999992298
        ]
      }
    },
    {
      "type": "Feature",
      "properties": {
        "node_id": "INF_0302",
        "node_type": "infrastructure",
        "node_subtype": "barrier:gate",
        "degree": null,
        "source": "infrastructure",
        "source_edge": "E03625",
        "name": "Unnamed gate",
        "notes": "useful_infrastructure; barrier:gate",
        "display_group": "infrastructure",
        "display_color": "#7f7f7f",
        "display_label": "Entrance / gate",
        "infra_field": "barrier",
        "infra_type": "gate",
        "infra_class": "Entrance / gate",
        "infra_category": "Entrance / gate",
        "infra_name": "Unnamed gate",
        "display_name": "Unnamed gate",
        "gate_name": null,
        "gate_name_status": "missing_name",
        "needs_gate_name_review": "True",
        "snap_dist_m": 0.0,
        "index_right": 20,
        "grid_x": 5,
        "grid_y": 1,
        "grid_id": "51",
        "lat": 40.7927428,
        "lon": -73.9527807,
        "cell_seq": 99,
        "grid_node_code": "51099"
      },
      "geometry": {
        "type": "Point",
        "coordinates": [
          -73.9527807,
          40.7927428
        ]
      }
    },
    {
      "type": "Feature",
      "properties": {
        "node_id": "INF_0079",
        "node_type": "infrastructure",
        "node_subtype": "amenity:drinking_water",
        "degree": null,
        "source": "infrastructure",
        "source_edge": "E03300",
        "name": "Drinking Water",
        "notes": "useful_infrastructure; amenity:drinking_water",
        "display_group": "infrastructure",
        "display_color": "#17becf",
        "display_label": "Drinking water",
        "infra_field": "amenity",
        "infra_type": "drinking_water",
        "infra_class": "Drinking water",
        "infra_category": "Drinking water",
        "infra_name": "Drinking Water",
        "display_name": "Drinking Water",
        "gate_name": null,
        "gate_name_status": null,
        "needs_gate_name_review": "False",
        "snap_dist_m": 3.5717327706228255,
        "index_right": 20,
        "grid_x": 5,
        "grid_y": 1,
        "grid_id": "51",
        "lat": 40.79155597814823,
        "lon": -73.95541692136582,
        "cell_seq": 105,
        "grid_node_code": "51105"
      },
      "geometry": {
        "type": "Point",
        "coordinates": [
          -73.95541692136582,
          40.79155597814823
        ]
      }
    },
    {
      "type": "Feature",
      "properties": {
        "node_id": "INF_0059",
        "node_type": "infrastructure",
        "node_subtype": "amenity:drinking_water",
        "degree": null,
        "source": "infrastructure",
        "source_edge": "E14275",
        "name": "Drinking Water",
        "notes": "useful_infrastructure; amenity:drinking_water",
        "display_group": "infrastructure",
        "display_color": "#17becf",
        "display_label": "Drinking water",
        "infra_field": "amenity",
        "infra_type": "drinking_water",
        "infra_class": "Drinking water",
        "infra_category": "Drinking water",
        "infra_name": "Drinking Water",
        "display_name": "Drinking Water",
        "gate_name": null,
        "gate_name_status": null,
        "needs_gate_name_review": "False",
        "snap_dist_m": 2.416897304446147,
        "index_right": 21,
        "grid_x": 5,
        "grid_y": 2,
        "grid_id": "52",
        "lat": 40.79801706095266,
        "lon": -73.95246242815355,
        "cell_seq": 3,
        "grid_node_code": "52003"
      },
      "geometry": {
        "type": "Point",
        "coordinates": [
          -73.95246242815355,
          40.79801706095266
        ]
      }
    },
    {
      "type": "Feature",
      "properties": {
        "node_id": "INF_0164",
        "node_type": "infrastructure",
        "node_subtype": "tourism:information",
        "degree": null,
        "source": "infrastructure",
        "source_edge": "E01962",
        "name": "Information",
        "notes": "useful_infrastructure; tourism:information",
        "display_group": "infrastructure",
        "display_color": "#9467bd",
        "display_label": "Information / landmark",
        "infra_field": "tourism",
        "infra_type": "information",
        "infra_class": "Information / landmark",
        "infra_category": "Information / landmark",
        "infra_name": "Information",
        "display_name": "Information",
        "gate_name": null,
        "gate_name_status": null,
        "needs_gate_name_review": "False",
        "snap_dist_m": 3.1830008864589177,
        "index_right": 21,
        "grid_x": 5,
        "grid_y": 2,
        "grid_id": "52",
        "lat": 40.79796682542448,
        "lon": -73.95245555553716,
        "cell_seq": 4,
        "grid_node_code": "52004"
      },
      "geometry": {
        "type": "Point",
        "coordinates": [
          -73.95245555553716,
          40.79796682542448
        ]
      }
    },
    {
      "type": "Feature",
      "properties": {
        "node_id": "INF_0127",
        "node_type": "infrastructure",
        "node_subtype": "leisure:playground",
        "degree": null,
        "source": "infrastructure",
        "source_edge": "E07824",
        "name": "East 110th Street Playground",
        "notes": "useful_infrastructure; leisure:playground",
        "display_group": "infrastructure",
        "display_color": "#e377c2",
        "display_label": "Recreation",
        "infra_field": "leisure",
        "infra_type": "playground",
        "infra_class": "Recreation",
        "infra_category": "Recreation",
        "infra_name": "East 110th Street Playground",
        "display_name": "East 110th Street Playground",
        "gate_name": null,
        "gate_name_status": null,
        "needs_gate_name_review": "False",
        "snap_dist_m": 10.444993396244932,
        "index_right": 21,
        "grid_x": 5,
        "grid_y": 2,
        "grid_id": "52",
        "lat": 40.797737377339814,
        "lon": -73.95207163867713,
        "cell_seq": 7,
        "grid_node_code": "52007"
      },
      "geometry": {
        "type": "Point",
        "coordinates": [
          -73.95207163867713,
          40.797737377339814
        ]
      }
    },
    {
      "type": "Feature",
      "properties": {
        "node_id": "INF_0115",
        "node_type": "infrastructure",
        "node_subtype": "amenity:drinking_water",
        "degree": null,
        "source": "infrastructure",
        "source_edge": "E07813",
        "name": "Drinking Water",
        "notes": "useful_infrastructure; amenity:drinking_water",
        "display_group": "infrastructure",
        "display_color": "#17becf",
        "display_label": "Drinking water",
        "infra_field": "amenity",
        "infra_type": "drinking_water",
        "infra_class": "Drinking water",
        "infra_category": "Drinking water",
        "infra_name": "Drinking Water",
        "display_name": "Drinking Water",
        "gate_name": null,
        "gate_name_status": null,
        "needs_gate_name_review": "False",
        "snap_dist_m": 12.22486170402913,
        "index_right": 21,
        "grid_x": 5,
        "grid_y": 2,
        "grid_id": "52",
        "lat": 40.7976335,
        "lon": -73.9518457,
        "cell_seq": 8,
        "grid_node_code": "52008"
      },
      "geometry": {
        "type": "Point",
        "coordinates": [
          -73.9518457,
          40.79763350000001
        ]
      }
    },
    {
      "type": "Feature",
      "properties": {
        "node_id": "INF_0126",
        "node_type": "infrastructure",
        "node_subtype": "leisure:playground",
        "degree": null,
        "source": "infrastructure",
        "source_edge": "E07809",
        "name": "East 110th Street Playground",
        "notes": "useful_infrastructure; leisure:playground",
        "display_group": "infrastructure",
        "display_color": "#e377c2",
        "display_label": "Recreation",
        "infra_field": "leisure",
        "infra_type": "playground",
        "infra_class": "Recreation",
        "infra_category": "Recreation",
        "infra_name": "East 110th Street Playground",
        "display_name": "East 110th Street Playground",
        "gate_name": null,
        "gate_name_status": null,
        "needs_gate_name_review": "False",
        "snap_dist_m": 1.7588475971022568,
        "index_right": 21,
        "grid_x": 5,
        "grid_y": 2,
        "grid_id": "52",
        "lat": 40.79756926456986,
        "lon": -73.95174923145015,
        "cell_seq": 9,
        "grid_node_code": "52009"
      },
      "geometry": {
        "type": "Point",
        "coordinates": [
          -73.95174923145015,
          40.79756926456986
        ]
      }
    },
    {
      "type": "Feature",
      "properties": {
        "node_id": "INF_0078",
        "node_type": "infrastructure",
        "node_subtype": "amenity:drinking_water",
        "degree": null,
        "source": "infrastructure",
        "source_edge": "E07798",
        "name": "Drinking Water",
        "notes": "useful_infrastructure; amenity:drinking_water",
        "display_group": "infrastructure",
        "display_color": "#17becf",
        "display_label": "Drinking water",
        "infra_field": "amenity",
        "infra_type": "drinking_water",
        "infra_class": "Drinking water",
        "infra_category": "Drinking water",
        "infra_name": "Drinking Water",
        "display_name": "Drinking Water",
        "gate_name": null,
        "gate_name_status": null,
        "needs_gate_name_review": "False",
        "snap_dist_m": 3.2315028508986674,
        "index_right": 21,
        "grid_x": 5,
        "grid_y": 2,
        "grid_id": "52",
        "lat": 40.797465634452266,
        "lon": -73.95156216319866,
        "cell_seq": 11,
        "grid_node_code": "52011"
      },
      "geometry": {
        "type": "Point",
        "coordinates": [
          -73.95156216319866,
          40.797465634452266
        ]
      }
    },
    {
      "type": "Feature",
      "properties": {
        "node_id": "INF_0313",
        "node_type": "infrastructure",
        "node_subtype": "barrier:gate",
        "degree": null,
        "source": "infrastructure",
        "source_edge": "E07784",
        "name": "Unnamed gate",
        "notes": "useful_infrastructure; barrier:gate",
        "display_group": "infrastructure",
        "display_color": "#7f7f7f",
        "display_label": "Entrance / gate",
        "infra_field": "barrier",
        "infra_type": "gate",
        "infra_class": "Entrance / gate",
        "infra_category": "Entrance / gate",
        "infra_name": "Unnamed gate",
        "display_name": "Unnamed gate",
        "gate_name": null,
        "gate_name_status": "missing_name",
        "needs_gate_name_review": "True",
        "snap_dist_m": 0.0,
        "index_right": 21,
        "grid_x": 5,
        "grid_y": 2,
        "grid_id": "52",
        "lat": 40.7973726,
        "lon": -73.9512767,
        "cell_seq": 12,
        "grid_node_code": "52012"
      },
      "geometry": {
        "type": "Point",
        "coordinates": [
          -73.9512767,
          40.7973726
        ]
      }
    },
    {
      "type": "Feature",
      "properties": {
        "node_id": "INF_0282",
        "node_type": "infrastructure",
        "node_subtype": "amenity:toilets",
        "degree": null,
        "source": "infrastructure",
        "source_edge": "E14282",
        "name": "Toilets",
        "notes": "useful_infrastructure; amenity:toilets",
        "display_group": "infrastructure",
        "display_color": "#1f77b4",
        "display_label": "Restroom",
        "infra_field": "amenity",
        "infra_type": "toilets",
        "infra_class": "Restroom",
        "infra_category": "Restroom",
        "infra_name": "Toilets",
        "display_name": "Toilets",
        "gate_name": null,
        "gate_name_status": null,
        "needs_gate_name_review": "False",
        "snap_dist_m": 2.8938588808150136,
        "index_right": 21,
        "grid_x": 5,
        "grid_y": 2,
        "grid_id": "52",
        "lat": 40.7971801,
        "lon": -73.9514603,
        "cell_seq": 16,
        "grid_node_code": "52016"
      },
      "geometry": {
        "type": "Point",
        "coordinates": [
          -73.9514603,
          40.7971801
        ]
      }
    },
    {
      "type": "Feature",
      "properties": {
        "node_id": "INF_0327",
        "node_type": "infrastructure",
        "node_subtype": "entrance:yes",
        "degree": null,
        "source": "infrastructure",
        "source_edge": "E14282",
        "name": "Unnamed yes entrance",
        "notes": "useful_infrastructure; entrance:yes",
        "display_group": "infrastructure",
        "display_color": "#7f7f7f",
        "display_label": "Entrance / gate",
        "infra_field": "entrance",
        "infra_type": "yes",
        "infra_class": "Entrance / gate",
        "infra_category": "Entrance / gate",
        "infra_name": "Unnamed yes entrance",
        "display_name": "Unnamed yes entrance",
        "gate_name": null,
        "gate_name_status": "missing_name",
        "needs_gate_name_review": "True",
        "snap_dist_m": 0.0,
        "index_right": 21,
        "grid_x": 5,
        "grid_y": 2,
        "grid_id": "52",
        "lat": 40.7971801,
        "lon": -73.9514603,
        "cell_seq": 17,
        "grid_node_code": "52017"
      },
      "geometry": {
        "type": "Point",
        "coordinates": [
          -73.9514603,
          40.7971801
        ]
      }
    },
    {
      "type": "Feature",
      "properties": {
        "node_id": "INF_0023",
        "node_type": "infrastructure",
        "node_subtype": "tourism:information",
        "degree": null,
        "source": "infrastructure",
        "source_edge": "E14284",
        "name": "Charles A. Dana Discovery Center",
        "notes": "useful_infrastructure; tourism:information",
        "display_group": "infrastructure",
        "display_color": "#9467bd",
        "display_label": "Information / landmark",
        "infra_field": "tourism",
        "infra_type": "information",
        "infra_class": "Information / landmark",
        "infra_category": "Information / landmark",
        "infra_name": "Charles A. Dana Discovery Center",
        "display_name": "Charles A. Dana Discovery Center",
        "gate_name": null,
        "gate_name_status": null,
        "needs_gate_name_review": "False",
        "snap_dist_m": 10.96326200380833,
        "index_right": 21,
        "grid_x": 5,
        "grid_y": 2,
        "grid_id": "52",
        "lat": 40.7971712,
        "lon": -73.9514041,
        "cell_seq": 19,
        "grid_node_code": "52019"
      },
      "geometry": {
        "type": "Point",
        "coordinates": [
          -73.9514041,
          40.7971712
        ]
      }
    },
    {
      "type": "Feature",
      "properties": {
        "node_id": "INF_0328",
        "node_type": "infrastructure",
        "node_subtype": "entrance:yes",
        "degree": null,
        "source": "infrastructure",
        "source_edge": "E14284",
        "name": "Unnamed yes entrance",
        "notes": "useful_infrastructure; entrance:yes",
        "display_group": "infrastructure",
        "display_color": "#7f7f7f",
        "display_label": "Entrance / gate",
        "infra_field": "entrance",
        "infra_type": "yes",
        "infra_class": "Entrance / gate",
        "infra_category": "Entrance / gate",
        "infra_name": "Unnamed yes entrance",
        "display_name": "Unnamed yes entrance",
        "gate_name": null,
        "gate_name_status": "missing_name",
        "needs_gate_name_review": "True",
        "snap_dist_m": 0.0,
        "index_right": 21,
        "grid_x": 5,
        "grid_y": 2,
        "grid_id": "52",
        "lat": 40.7971712,
        "lon": -73.9514041,
        "cell_seq": 20,
        "grid_node_code": "52020"
      },
      "geometry": {
        "type": "Point",
        "coordinates": [
          -73.9514041,
          40.7971712
        ]
      }
    },
    {
      "type": "Feature",
      "properties": {
        "node_id": "INF_0204",
        "node_type": "infrastructure",
        "node_subtype": "tourism:attraction",
        "degree": null,
        "source": "infrastructure",
        "source_edge": "E02368",
        "name": "Nutter's Battery",
        "notes": "useful_infrastructure; tourism:attraction",
        "display_group": "infrastructure",
        "display_color": "#9467bd",
        "display_label": "Information / landmark",
        "infra_field": "tourism",
        "infra_type": "attraction",
        "infra_class": "Information / landmark",
        "infra_category": "Information / landmark",
        "infra_name": "Nutter's Battery",
        "display_name": "Nutter's Battery",
        "gate_name": null,
        "gate_name_status": null,
        "needs_gate_name_review": "False",
        "snap_dist_m": 2.560664271677756,
        "index_right": 21,
        "grid_x": 5,
        "grid_y": 2,
        "grid_id": "52",
        "lat": 40.7965191,
        "lon": -73.9528944,
        "cell_seq": 23,
        "grid_node_code": "52023"
      },
      "geometry": {
        "type": "Point",
        "coordinates": [
          -73.9528944,
          40.7965191
        ]
      }
    },
    {
      "type": "Feature",
      "properties": {
        "node_id": "INF_0343",
        "node_type": "infrastructure",
        "node_subtype": "tourism:viewpoint",
        "degree": null,
        "source": "infrastructure",
        "source_edge": "E02368",
        "name": "Viewpoint",
        "notes": "useful_infrastructure; tourism:viewpoint",
        "display_group": "infrastructure",
        "display_color": "#9467bd",
        "display_label": "Information / landmark",
        "infra_field": "tourism",
        "infra_type": "viewpoint",
        "infra_class": "Information / landmark",
        "infra_category": "Information / landmark",
        "infra_name": "Viewpoint",
        "display_name": "Viewpoint",
        "gate_name": null,
        "gate_name_status": null,
        "needs_gate_name_review": "False",
        "snap_dist_m": 2.593531613812244,
        "index_right": 21,
        "grid_x": 5,
        "grid_y": 2,
        "grid_id": "52",
        "lat": 40.7965191,
        "lon": -73.9528944,
        "cell_seq": 24,
        "grid_node_code": "52024"
      },
      "geometry": {
        "type": "Point",
        "coordinates": [
          -73.9528944,
          40.7965191
        ]
      }
    },
    {
      "type": "Feature",
      "properties": {
        "node_id": "INF_0310",
        "node_type": "infrastructure",
        "node_subtype": "barrier:gate",
        "degree": null,
        "source": "infrastructure",
        "source_edge": "E14215",
        "name": "Unnamed gate",
        "notes": "useful_infrastructure; barrier:gate",
        "display_group": "infrastructure",
        "display_color": "#7f7f7f",
        "display_label": "Entrance / gate",
        "infra_field": "barrier",
        "infra_type": "gate",
        "infra_class": "Entrance / gate",
        "infra_category": "Entrance / gate",
        "infra_name": "Unnamed gate",
        "display_name": "Unnamed gate",
        "gate_name": null,
        "gate_name_status": "missing_name",
        "needs_gate_name_review": "True",
        "snap_dist_m": 0.0,
        "index_right": 21,
        "grid_x": 5,
        "grid_y": 2,
        "grid_id": "52",
        "lat": 40.7963551,
        "lon": -73.9541439,
        "cell_seq": 29,
        "grid_node_code": "52029"
      },
      "geometry": {
        "type": "Point",
        "coordinates": [
          -73.9541439,
          40.7963551
        ]
      }
    },
    {
      "type": "Feature",
      "properties": {
        "node_id": "INF_0326",
        "node_type": "infrastructure",
        "node_subtype": "entrance:yes",
        "degree": null,
        "source": "infrastructure",
        "source_edge": "E14223",
        "name": "Unnamed yes entrance",
        "notes": "useful_infrastructure; entrance:yes",
        "display_group": "infrastructure",
        "display_color": "#7f7f7f",
        "display_label": "Entrance / gate",
        "infra_field": "entrance",
        "infra_type": "yes",
        "infra_class": "Entrance / gate",
        "infra_category": "Entrance / gate",
        "infra_name": "Unnamed yes entrance",
        "display_name": "Unnamed yes entrance",
        "gate_name": null,
        "gate_name_status": "missing_name",
        "needs_gate_name_review": "True",
        "snap_dist_m": 0.0,
        "index_right": 21,
        "grid_x": 5,
        "grid_y": 2,
        "grid_id": "52",
        "lat": 40.7961794,
        "lon": -73.954249,
        "cell_seq": 36,
        "grid_node_code": "52036"
      },
      "geometry": {
        "type": "Point",
        "coordinates": [
          -73.954249,
          40.7961794
        ]
      }
    },
    {
      "type": "Feature",
      "properties": {
        "node_id": "INF_0197",
        "node_type": "infrastructure",
        "node_subtype": "leisure:pitch",
        "degree": null,
        "source": "infrastructure",
        "source_edge": "E00704",
        "name": "North Meadow Soccer Field 5",
        "notes": "useful_infrastructure; leisure:pitch",
        "display_group": "infrastructure",
        "display_color": "#e377c2",
        "display_label": "Recreation",
        "infra_field": "leisure",
        "infra_type": "pitch",
        "infra_class": "Recreation",
        "infra_category": "Recreation",
        "infra_name": "North Meadow Soccer Field 5",
        "display_name": "North Meadow Soccer Field 5",
        "gate_name": null,
        "gate_name_status": null,
        "needs_gate_name_review": "False",
        "snap_dist_m": 52.93198705437977,
        "index_right": 21,
        "grid_x": 5,
        "grid_y": 2,
        "grid_id": "52",
        "lat": 40.793339040842014,
        "lon": -73.95610934319812,
        "cell_seq": 68,
        "grid_node_code": "52068"
      },
      "geometry": {
        "type": "Point",
        "coordinates": [
          -73.95610934319812,
          40.793339040842014
        ]
      }
    },
    {
      "type": "Feature",
      "properties": {
        "node_id": "INF_0202",
        "node_type": "infrastructure",
        "node_subtype": "leisure:pitch",
        "degree": null,
        "source": "infrastructure",
        "source_edge": "E00701",
        "name": "North Meadow Softball Field 8",
        "notes": "useful_infrastructure; leisure:pitch",
        "display_group": "infrastructure",
        "display_color": "#e377c2",
        "display_label": "Recreation",
        "infra_field": "leisure",
        "infra_type": "pitch",
        "infra_class": "Recreation",
        "infra_category": "Recreation",
        "infra_name": "North Meadow Softball Field 8",
        "display_name": "North Meadow Softball Field 8",
        "gate_name": null,
        "gate_name_status": null,
        "needs_gate_name_review": "False",
        "snap_dist_m": 23.203056660309844,
        "index_right": 21,
        "grid_x": 5,
        "grid_y": 2,
        "grid_id": "52",
        "lat": 40.793320607066065,
        "lon": -73.95578592834732,
        "cell_seq": 69,
        "grid_node_code": "52069"
      },
      "geometry": {
        "type": "Point",
        "coordinates": [
          -73.95578592834732,
          40.793320607066065
        ]
      }
    },
    {
      "type": "Feature",
      "properties": {
        "node_id": "INF_0035",
        "node_type": "infrastructure",
        "node_subtype": "amenity:drinking_water",
        "degree": null,
        "source": "infrastructure",
        "source_edge": "E00728",
        "name": "Drinking Water",
        "notes": "useful_infrastructure; amenity:drinking_water",
        "display_group": "infrastructure",
        "display_color": "#17becf",
        "display_label": "Drinking water",
        "infra_field": "amenity",
        "infra_type": "drinking_water",
        "infra_class": "Drinking water",
        "infra_category": "Drinking water",
        "infra_name": "Drinking Water",
        "display_name": "Drinking Water",
        "gate_name": null,
        "gate_name_status": null,
        "needs_gate_name_review": "False",
        "snap_dist_m": 0.6319881717030721,
        "index_right": 21,
        "grid_x": 5,
        "grid_y": 2,
        "grid_id": "52",
        "lat": 40.79305796778881,
        "lon": -73.95547421276578,
        "cell_seq": 73,
        "grid_node_code": "52073"
      },
      "geometry": {
        "type": "Point",
        "coordinates": [
          -73.95547421276578,
          40.79305796778881
        ]
      }
    },
    {
      "type": "Feature",
      "properties": {
        "node_id": "INF_0045",
        "node_type": "infrastructure",
        "node_subtype": "amenity:drinking_water",
        "degree": null,
        "source": "infrastructure",
        "source_edge": "E05406",
        "name": "Drinking Water",
        "notes": "useful_infrastructure; amenity:drinking_water",
        "display_group": "infrastructure",
        "display_color": "#17becf",
        "display_label": "Drinking water",
        "infra_field": "amenity",
        "infra_type": "drinking_water",
        "infra_class": "Drinking water",
        "infra_category": "Drinking water",
        "infra_name": "Drinking Water",
        "display_name": "Drinking Water",
        "gate_name": null,
        "gate_name_status": null,
        "needs_gate_name_review": "False",
        "snap_dist_m": 1.56237048583718,
        "index_right": 21,
        "grid_x": 5,
        "grid_y": 2,
        "grid_id": "52",
        "lat": 40.79287412179577,
        "lon": -73.95535059100854,
        "cell_seq": 76,
        "grid_node_code": "52076"
      },
      "geometry": {
        "type": "Point",
        "coordinates": [
          -73.95535059100854,
          40.79287412179577
        ]
      }
    },
    {
      "type": "Feature",
      "properties": {
        "node_id": "INF_0111",
        "node_type": "infrastructure",
        "node_subtype": "amenity:drinking_water",
        "degree": null,
        "source": "infrastructure",
        "source_edge": "E00666",
        "name": "Drinking Water",
        "notes": "useful_infrastructure; amenity:drinking_water",
        "display_group": "infrastructure",
        "display_color": "#17becf",
        "display_label": "Drinking water",
        "infra_field": "amenity",
        "infra_type": "drinking_water",
        "infra_class": "Drinking water",
        "infra_category": "Drinking water",
        "infra_name": "Drinking Water",
        "display_name": "Drinking Water",
        "gate_name": null,
        "gate_name_status": null,
        "needs_gate_name_review": "False",
        "snap_dist_m": 10.622092978276443,
        "index_right": 21,
        "grid_x": 5,
        "grid_y": 2,
        "grid_id": "52",
        "lat": 40.792234559261004,
        "lon": -73.95574305789576,
        "cell_seq": 81,
        "grid_node_code": "52081"
      },
      "geometry": {
        "type": "Point",
        "coordinates": [
          -73.95574305789576,
          40.792234559261004
        ]
      }
    },
    {
      "type": "Feature",
      "properties": {
        "node_id": "INF_0203",
        "node_type": "infrastructure",
        "node_subtype": "leisure:pitch",
        "degree": null,
        "source": "infrastructure",
        "source_edge": "E00666",
        "name": "North Meadow Softball Field 9",
        "notes": "useful_infrastructure; leisure:pitch",
        "display_group": "infrastructure",
        "display_color": "#e377c2",
        "display_label": "Recreation",
        "infra_field": "leisure",
        "infra_type": "pitch",
        "infra_class": "Recreation",
        "infra_category": "Recreation",
        "infra_name": "North Meadow Softball Field 9",
        "display_name": "North Meadow Softball Field 9",
        "gate_name": null,
        "gate_name_status": null,
        "needs_gate_name_review": "False",
        "snap_dist_m": 36.779546433009735,
        "index_right": 21,
        "grid_x": 5,
        "grid_y": 2,
        "grid_id": "52",
        "lat": 40.79217214770755,
        "lon": -73.95577657796761,
        "cell_seq": 82,
        "grid_node_code": "52082"
      },
      "geometry": {
        "type": "Point",
        "coordinates": [
          -73.95577657796761,
          40.79217214770755
        ]
      }
    },
    {
      "type": "Feature",
      "properties": {
        "node_id": "INF_0315",
        "node_type": "infrastructure",
        "node_subtype": "barrier:gate",
        "degree": null,
        "source": "infrastructure",
        "source_edge": "E03287",
        "name": "Unnamed gate",
        "notes": "useful_infrastructure; barrier:gate",
        "display_group": "infrastructure",
        "display_color": "#7f7f7f",
        "display_label": "Entrance / gate",
        "infra_field": "barrier",
        "infra_type": "gate",
        "infra_class": "Entrance / gate",
        "infra_category": "Entrance / gate",
        "infra_name": "Unnamed gate",
        "display_name": "Unnamed gate",
        "gate_name": null,
        "gate_name_status": "missing_name",
        "needs_gate_name_review": "True",
        "snap_dist_m": 4.485424790710098,
        "index_right": 21,
        "grid_x": 5,
        "grid_y": 2,
        "grid_id": "52",
        "lat": 40.792065269686425,
        "lon": -73.95516505941295,
        "cell_seq": 83,
        "grid_node_code": "52083"
      },
      "geometry": {
        "type": "Point",
        "coordinates": [
          -73.95516505941295,
          40.792065269686425
        ]
      }
    },
    {
      "type": "Feature",
      "properties": {
        "node_id": "INF_0186",
        "node_type": "infrastructure",
        "node_subtype": "leisure:pitch",
        "degree": null,
        "source": "infrastructure",
        "source_edge": "E00680",
        "name": "North Meadow Baseball Field 10",
        "notes": "useful_infrastructure; leisure:pitch",
        "display_group": "infrastructure",
        "display_color": "#e377c2",
        "display_label": "Recreation",
        "infra_field": "leisure",
        "infra_type": "pitch",
        "infra_class": "Recreation",
        "infra_category": "Recreation",
        "infra_name": "North Meadow Baseball Field 10",
        "display_name": "North Meadow Baseball Field 10",
        "gate_name": null,
        "gate_name_status": null,
        "needs_gate_name_review": "False",
        "snap_dist_m": 49.11825243252937,
        "index_right": 21,
        "grid_x": 5,
        "grid_y": 2,
        "grid_id": "52",
        "lat": 40.79162478736395,
        "lon": -73.95639140438531,
        "cell_seq": 87,
        "grid_node_code": "52087"
      },
      "geometry": {
        "type": "Point",
        "coordinates": [
          -73.95639140438531,
          40.79162478736395
        ]
      }
    },
    {
      "type": "Feature",
      "properties": {
        "node_id": "INF_0184",
        "node_type": "infrastructure",
        "node_subtype": "leisure:pitch",
        "degree": null,
        "source": "infrastructure",
        "source_edge": "E00682",
        "name": "North Meadow",
        "notes": "useful_infrastructure; leisure:pitch",
        "display_group": "infrastructure",
        "display_color": "#e377c2",
        "display_label": "Recreation",
        "infra_field": "leisure",
        "infra_type": "pitch",
        "infra_class": "Recreation",
        "infra_category": "Recreation",
        "infra_name": "North Meadow",
        "display_name": "North Meadow",
        "gate_name": null,
        "gate_name_status": null,
        "needs_gate_name_review": "False",
        "snap_dist_m": 60.52200435664697,
        "index_right": 21,
        "grid_x": 5,
        "grid_y": 2,
        "grid_id": "52",
        "lat": 40.79157071622605,
        "lon": -73.9565116431771,
        "cell_seq": 88,
        "grid_node_code": "52088"
      },
      "geometry": {
        "type": "Point",
        "coordinates": [
          -73.9565116431771,
          40.79157071622605
        ]
      }
    },
    {
      "type": "Feature",
      "properties": {
        "node_id": "INF_0312",
        "node_type": "infrastructure",
        "node_subtype": "barrier:gate",
        "degree": null,
        "source": "infrastructure",
        "source_edge": "E14252",
        "name": "Unnamed gate",
        "notes": "useful_infrastructure; barrier:gate",
        "display_group": "infrastructure",
        "display_color": "#7f7f7f",
        "display_label": "Entrance / gate",
        "infra_field": "barrier",
        "infra_type": "gate",
        "infra_class": "Entrance / gate",
        "infra_category": "Entrance / gate",
        "infra_name": "Unnamed gate",
        "display_name": "Unnamed gate",
        "gate_name": null,
        "gate_name_status": "missing_name",
        "needs_gate_name_review": "True",
        "snap_dist_m": 0.0,
        "index_right": 22,
        "grid_x": 5,
        "grid_y": 3,
        "grid_id": "53",
        "lat": 40.7966339,
        "lon": -73.9544701,
        "cell_seq": 19,
        "grid_node_code": "53019"
      },
      "geometry": {
        "type": "Point",
        "coordinates": [
          -73.9544701,
          40.79663390000001
        ]
      }
    },
    {
      "type": "Feature",
      "properties": {
        "node_id": "INF_0311",
        "node_type": "infrastructure",
        "node_subtype": "barrier:gate",
        "degree": null,
        "source": "infrastructure",
        "source_edge": "E14243",
        "name": "Unnamed gate",
        "notes": "useful_infrastructure; barrier:gate",
        "display_group": "infrastructure",
        "display_color": "#7f7f7f",
        "display_label": "Entrance / gate",
        "infra_field": "barrier",
        "infra_type": "gate",
        "infra_class": "Entrance / gate",
        "infra_category": "Entrance / gate",
        "infra_name": "Unnamed gate",
        "display_name": "Unnamed gate",
        "gate_name": null,
        "gate_name_status": "missing_name",
        "needs_gate_name_review": "True",
        "snap_dist_m": 0.0,
        "index_right": 22,
        "grid_x": 5,
        "grid_y": 3,
        "grid_id": "53",
        "lat": 40.7962716,
        "lon": -73.9550548,
        "cell_seq": 23,
        "grid_node_code": "53023"
      },
      "geometry": {
        "type": "Point",
        "coordinates": [
          -73.9550548,
          40.7962716
        ]
      }
    },
    {
      "type": "Feature",
      "properties": {
        "node_id": "INF_0325",
        "node_type": "infrastructure",
        "node_subtype": "entrance:yes",
        "degree": null,
        "source": "infrastructure",
        "source_edge": "E14213",
        "name": "Unnamed yes entrance",
        "notes": "useful_infrastructure; entrance:yes",
        "display_group": "infrastructure",
        "display_color": "#7f7f7f",
        "display_label": "Entrance / gate",
        "infra_field": "entrance",
        "infra_type": "yes",
        "infra_class": "Entrance / gate",
        "infra_category": "Entrance / gate",
        "infra_name": "Unnamed yes entrance",
        "display_name": "Unnamed yes entrance",
        "gate_name": null,
        "gate_name_status": "missing_name",
        "needs_gate_name_review": "True",
        "snap_dist_m": 0.0,
        "index_right": 22,
        "grid_x": 5,
        "grid_y": 3,
        "grid_id": "53",
        "lat": 40.7959516,
        "lon": -73.9547302,
        "cell_seq": 31,
        "grid_node_code": "53031"
      },
      "geometry": {
        "type": "Point",
        "coordinates": [
          -73.9547302,
          40.7959516
        ]
      }
    },
    {
      "type": "Feature",
      "properties": {
        "node_id": "INF_0309",
        "node_type": "infrastructure",
        "node_subtype": "barrier:gate",
        "degree": null,
        "source": "infrastructure",
        "source_edge": "E14184",
        "name": "Unnamed gate",
        "notes": "useful_infrastructure; barrier:gate",
        "display_group": "infrastructure",
        "display_color": "#7f7f7f",
        "display_label": "Entrance / gate",
        "infra_field": "barrier",
        "infra_type": "gate",
        "infra_class": "Entrance / gate",
        "infra_category": "Entrance / gate",
        "infra_name": "Unnamed gate",
        "display_name": "Unnamed gate",
        "gate_name": null,
        "gate_name_status": "missing_name",
        "needs_gate_name_review": "True",
        "snap_dist_m": 0.0,
        "index_right": 22,
        "grid_x": 5,
        "grid_y": 3,
        "grid_id": "53",
        "lat": 40.7958888,
        "lon": -73.9549742,
        "cell_seq": 35,
        "grid_node_code": "53035"
      },
      "geometry": {
        "type": "Point",
        "coordinates": [
          -73.9549742,
          40.7958888
        ]
      }
    },
    {
      "type": "Feature",
      "properties": {
        "node_id": "INF_0157",
        "node_type": "infrastructure",
        "node_subtype": "tourism:attraction",
        "degree": null,
        "source": "infrastructure",
        "source_edge": "E07740",
        "name": "Huddlestone Arch",
        "notes": "useful_infrastructure; tourism:attraction",
        "display_group": "infrastructure",
        "display_color": "#9467bd",
        "display_label": "Information / landmark",
        "infra_field": "tourism",
        "infra_type": "attraction",
        "infra_class": "Information / landmark",
        "infra_category": "Information / landmark",
        "infra_name": "Huddlestone Arch",
        "display_name": "Huddlestone Arch",
        "gate_name": null,
        "gate_name_status": null,
        "needs_gate_name_review": "False",
        "snap_dist_m": 1.032267110792852,
        "index_right": 22,
        "grid_x": 5,
        "grid_y": 3,
        "grid_id": "53",
        "lat": 40.79579351545419,
        "lon": -73.95566506219171,
        "cell_seq": 37,
        "grid_node_code": "53037"
      },
      "geometry": {
        "type": "Point",
        "coordinates": [
          -73.95566506219171,
          40.79579351545419
        ]
      }
    },
    {
      "type": "Feature",
      "properties": {
        "node_id": "INF_0334",
        "node_type": "infrastructure",
        "node_subtype": "tourism:viewpoint",
        "degree": null,
        "source": "infrastructure",
        "source_edge": "E13032",
        "name": "Viewpoint",
        "notes": "useful_infrastructure; tourism:viewpoint",
        "display_group": "infrastructure",
        "display_color": "#9467bd",
        "display_label": "Information / landmark",
        "infra_field": "tourism",
        "infra_type": "viewpoint",
        "infra_class": "Information / landmark",
        "infra_category": "Information / landmark",
        "infra_name": "Viewpoint",
        "display_name": "Viewpoint",
        "gate_name": null,
        "gate_name_status": null,
        "needs_gate_name_review": "False",
        "snap_dist_m": 1.0010651090685405,
        "index_right": 22,
        "grid_x": 5,
        "grid_y": 3,
        "grid_id": "53",
        "lat": 40.7954738,
        "lon": -73.9561123,
        "cell_seq": 51,
        "grid_node_code": "53051"
      },
      "geometry": {
        "type": "Point",
        "coordinates": [
          -73.9561123,
          40.79547380000001
        ]
      }
    },
    {
      "type": "Feature",
      "properties": {
        "node_id": "INF_0339",
        "node_type": "infrastructure",
        "node_subtype": "tourism:viewpoint",
        "degree": null,
        "source": "infrastructure",
        "source_edge": "E13021",
        "name": "Viewpoint",
        "notes": "useful_infrastructure; tourism:viewpoint",
        "display_group": "infrastructure",
        "display_color": "#9467bd",
        "display_label": "Information / landmark",
        "infra_field": "tourism",
        "infra_type": "viewpoint",
        "infra_class": "Information / landmark",
        "infra_category": "Information / landmark",
        "infra_name": "Viewpoint",
        "display_name": "Viewpoint",
        "gate_name": null,
        "gate_name_status": null,
        "needs_gate_name_review": "False",
        "snap_dist_m": 1.3543968835879567,
        "index_right": 22,
        "grid_x": 5,
        "grid_y": 3,
        "grid_id": "53",
        "lat": 40.7954545,
        "lon": -73.9560395,
        "cell_seq": 54,
        "grid_node_code": "53054"
      },
      "geometry": {
        "type": "Point",
        "coordinates": [
          -73.9560395,
          40.7954545
        ]
      }
    },
    {
      "type": "Feature",
      "properties": {
        "node_id": "INF_0341",
        "node_type": "infrastructure",
        "node_subtype": "tourism:viewpoint",
        "degree": null,
        "source": "infrastructure",
        "source_edge": "E12974",
        "name": "Viewpoint",
        "notes": "useful_infrastructure; tourism:viewpoint",
        "display_group": "infrastructure",
        "display_color": "#9467bd",
        "display_label": "Information / landmark",
        "infra_field": "tourism",
        "infra_type": "viewpoint",
        "infra_class": "Information / landmark",
        "infra_category": "Information / landmark",
        "infra_name": "Viewpoint",
        "display_name": "Viewpoint",
        "gate_name": null,
        "gate_name_status": null,
        "needs_gate_name_review": "False",
        "snap_dist_m": 1.697329182946854,
        "index_right": 22,
        "grid_x": 5,
        "grid_y": 3,
        "grid_id": "53",
        "lat": 40.7953306,
        "lon": -73.9564718,
        "cell_seq": 57,
        "grid_node_code": "53057"
      },
      "geometry": {
        "type": "Point",
        "coordinates": [
          -73.9564718,
          40.7953306
        ]
      }
    },
    {
      "type": "Feature",
      "properties": {
        "node_id": "INF_0340",
        "node_type": "infrastructure",
        "node_subtype": "tourism:viewpoint",
        "degree": null,
        "source": "infrastructure",
        "source_edge": "E12892",
        "name": "Viewpoint",
        "notes": "useful_infrastructure; tourism:viewpoint",
        "display_group": "infrastructure",
        "display_color": "#9467bd",
        "display_label": "Information / landmark",
        "infra_field": "tourism",
        "infra_type": "viewpoint",
        "infra_class": "Information / landmark",
        "infra_category": "Information / landmark",
        "infra_name": "Viewpoint",
        "display_name": "Viewpoint",
        "gate_name": null,
        "gate_name_status": null,
        "needs_gate_name_review": "False",
        "snap_dist_m": 1.5982420135714335,
        "index_right": 22,
        "grid_x": 5,
        "grid_y": 3,
        "grid_id": "53",
        "lat": 40.7949126,
        "lon": -73.9570052,
        "cell_seq": 64,
        "grid_node_code": "53064"
      },
      "geometry": {
        "type": "Point",
        "coordinates": [
          -73.9570052,
          40.7949126
        ]
      }
    },
    {
      "type": "Feature",
      "properties": {
        "node_id": "INF_0342",
        "node_type": "infrastructure",
        "node_subtype": "tourism:viewpoint",
        "degree": null,
        "source": "infrastructure",
        "source_edge": "E12819",
        "name": "Viewpoint",
        "notes": "useful_infrastructure; tourism:viewpoint",
        "display_group": "infrastructure",
        "display_color": "#9467bd",
        "display_label": "Information / landmark",
        "infra_field": "tourism",
        "infra_type": "viewpoint",
        "infra_class": "Information / landmark",
        "infra_category": "Information / landmark",
        "infra_name": "Viewpoint",
        "display_name": "Viewpoint",
        "gate_name": null,
        "gate_name_status": null,
        "needs_gate_name_review": "False",
        "snap_dist_m": 1.750870388671123,
        "index_right": 22,
        "grid_x": 5,
        "grid_y": 3,
        "grid_id": "53",
        "lat": 40.7946017,
        "lon": -73.9575845,
        "cell_seq": 74,
        "grid_node_code": "53074"
      },
      "geometry": {
        "type": "Point",
        "coordinates": [
          -73.9575845,
          40.7946017
        ]
      }
    },
    {
      "type": "Feature",
      "properties": {
        "node_id": "INF_0046",
        "node_type": "infrastructure",
        "node_subtype": "amenity:drinking_water",
        "degree": null,
        "source": "infrastructure",
        "source_edge": "E00770",
        "name": "Drinking Water",
        "notes": "useful_infrastructure; amenity:drinking_water",
        "display_group": "infrastructure",
        "display_color": "#17becf",
        "display_label": "Drinking water",
        "infra_field": "amenity",
        "infra_type": "drinking_water",
        "infra_class": "Drinking water",
        "infra_category": "Drinking water",
        "infra_name": "Drinking Water",
        "display_name": "Drinking Water",
        "gate_name": null,
        "gate_name_status": null,
        "needs_gate_name_review": "False",
        "snap_dist_m": 1.6087304477531172,
        "index_right": 22,
        "grid_x": 5,
        "grid_y": 3,
        "grid_id": "53",
        "lat": 40.793046736075546,
        "lon": -73.95846922414268,
        "cell_seq": 88,
        "grid_node_code": "53088"
      },
      "geometry": {
        "type": "Point",
        "coordinates": [
          -73.95846922414268,
          40.793046736075546
        ]
      }
    },
    {
      "type": "Feature",
      "properties": {
        "node_id": "INF_0191",
        "node_type": "infrastructure",
        "node_subtype": "leisure:pitch",
        "degree": null,
        "source": "infrastructure",
        "source_edge": "E00721",
        "name": "North Meadow Baseball Field 6",
        "notes": "useful_infrastructure; leisure:pitch",
        "display_group": "infrastructure",
        "display_color": "#e377c2",
        "display_label": "Recreation",
        "infra_field": "leisure",
        "infra_type": "pitch",
        "infra_class": "Recreation",
        "infra_category": "Recreation",
        "infra_name": "North Meadow Baseball Field 6",
        "display_name": "North Meadow Baseball Field 6",
        "gate_name": null,
        "gate_name_status": null,
        "needs_gate_name_review": "False",
        "snap_dist_m": 28.448282305986357,
        "index_right": 22,
        "grid_x": 5,
        "grid_y": 3,
        "grid_id": "53",
        "lat": 40.7930192,
        "lon": -73.957387,
        "cell_seq": 89,
        "grid_node_code": "53089"
      },
      "geometry": {
        "type": "Point",
        "coordinates": [
          -73.957387,
          40.7930192
        ]
      }
    },
    {
      "type": "Feature",
      "properties": {
        "node_id": "INF_0201",
        "node_type": "infrastructure",
        "node_subtype": "leisure:pitch",
        "degree": null,
        "source": "infrastructure",
        "source_edge": "E00717",
        "name": "North Meadow Softball Field 7",
        "notes": "useful_infrastructure; leisure:pitch",
        "display_group": "infrastructure",
        "display_color": "#e377c2",
        "display_label": "Recreation",
        "infra_field": "leisure",
        "infra_type": "pitch",
        "infra_class": "Recreation",
        "infra_category": "Recreation",
        "infra_name": "North Meadow Softball Field 7",
        "display_name": "North Meadow Softball Field 7",
        "gate_name": null,
        "gate_name_status": null,
        "needs_gate_name_review": "False",
        "snap_dist_m": 21.490941425115476,
        "index_right": 22,
        "grid_x": 5,
        "grid_y": 3,
        "grid_id": "53",
        "lat": 40.792987263503086,
        "lon": -73.95709224277176,
        "cell_seq": 90,
        "grid_node_code": "53090"
      },
      "geometry": {
        "type": "Point",
        "coordinates": [
          -73.95709224277176,
          40.792987263503086
        ]
      }
    },
    {
      "type": "Feature",
      "properties": {
        "node_id": "INF_0060",
        "node_type": "infrastructure",
        "node_subtype": "amenity:drinking_water",
        "degree": null,
        "source": "infrastructure",
        "source_edge": "E00720",
        "name": "Drinking Water",
        "notes": "useful_infrastructure; amenity:drinking_water",
        "display_group": "infrastructure",
        "display_color": "#17becf",
        "display_label": "Drinking water",
        "infra_field": "amenity",
        "infra_type": "drinking_water",
        "infra_class": "Drinking water",
        "infra_category": "Drinking water",
        "infra_name": "Drinking Water",
        "display_name": "Drinking Water",
        "gate_name": null,
        "gate_name_status": null,
        "needs_gate_name_review": "False",
        "snap_dist_m": 2.445853310529019,
        "index_right": 22,
        "grid_x": 5,
        "grid_y": 3,
        "grid_id": "53",
        "lat": 40.792974160586965,
        "lon": -73.95730914327976,
        "cell_seq": 91,
        "grid_node_code": "53091"
      },
      "geometry": {
        "type": "Point",
        "coordinates": [
          -73.95730914327976,
          40.792974160586965
        ]
      }
    },
    {
      "type": "Feature",
      "properties": {
        "node_id": "INF_0195",
        "node_type": "infrastructure",
        "node_subtype": "leisure:pitch",
        "degree": null,
        "source": "infrastructure",
        "source_edge": "E00775",
        "name": "North Meadow Soccer Field 3",
        "notes": "useful_infrastructure; leisure:pitch",
        "display_group": "infrastructure",
        "display_color": "#e377c2",
        "display_label": "Recreation",
        "infra_field": "leisure",
        "infra_type": "pitch",
        "infra_class": "Recreation",
        "infra_category": "Recreation",
        "infra_name": "North Meadow Soccer Field 3",
        "display_name": "North Meadow Soccer Field 3",
        "gate_name": null,
        "gate_name_status": null,
        "needs_gate_name_review": "False",
        "snap_dist_m": 64.5776983037078,
        "index_right": 22,
        "grid_x": 5,
        "grid_y": 3,
        "grid_id": "53",
        "lat": 40.79279802744138,
        "lon": -73.95849451868295,
        "cell_seq": 92,
        "grid_node_code": "53092"
      },
      "geometry": {
        "type": "Point",
        "coordinates": [
          -73.95849451868295,
          40.79279802744138
        ]
      }
    },
    {
      "type": "Feature",
      "properties": {
        "node_id": "INF_0196",
        "node_type": "infrastructure",
        "node_subtype": "leisure:pitch",
        "degree": null,
        "source": "infrastructure",
        "source_edge": "E00785",
        "name": "North Meadow Soccer Field 4",
        "notes": "useful_infrastructure; leisure:pitch",
        "display_group": "infrastructure",
        "display_color": "#e377c2",
        "display_label": "Recreation",
        "infra_field": "leisure",
        "infra_type": "pitch",
        "infra_class": "Recreation",
        "infra_category": "Recreation",
        "infra_name": "North Meadow Soccer Field 4",
        "display_name": "North Meadow Soccer Field 4",
        "gate_name": null,
        "gate_name_status": null,
        "needs_gate_name_review": "False",
        "snap_dist_m": 49.42414968221071,
        "index_right": 22,
        "grid_x": 5,
        "grid_y": 3,
        "grid_id": "53",
        "lat": 40.7921424,
        "lon": -73.9580328,
        "cell_seq": 93,
        "grid_node_code": "53093"
      },
      "geometry": {
        "type": "Point",
        "coordinates": [
          -73.9580328,
          40.7921424
        ]
      }
    },
    {
      "type": "Feature",
      "properties": {
        "node_id": "INF_0337",
        "node_type": "infrastructure",
        "node_subtype": "tourism:viewpoint",
        "degree": null,
        "source": "infrastructure",
        "source_edge": "E13381",
        "name": "Viewpoint",
        "notes": "useful_infrastructure; tourism:viewpoint",
        "display_group": "infrastructure",
        "display_color": "#9467bd",
        "display_label": "Information / landmark",
        "infra_field": "tourism",
        "infra_type": "viewpoint",
        "infra_class": "Information / landmark",
        "infra_category": "Information / landmark",
        "infra_name": "Viewpoint",
        "display_name": "Viewpoint",
        "gate_name": null,
        "gate_name_status": null,
        "needs_gate_name_review": "False",
        "snap_dist_m": 1.1900109571834327,
        "index_right": 23,
        "grid_x": 5,
        "grid_y": 4,
        "grid_id": "54",
        "lat": 40.7987429,
        "lon": -73.9562089,
        "cell_seq": 10,
        "grid_node_code": "54010"
      },
      "geometry": {
        "type": "Point",
        "coordinates": [
          -73.9562089,
          40.7987429
        ]
      }
    },
    {
      "type": "Feature",
      "properties": {
        "node_id": "INF_0015",
        "node_type": "infrastructure",
        "node_subtype": "tourism:attraction",
        "degree": null,
        "source": "infrastructure",
        "source_edge": "E13382",
        "name": "Blockhouse No. 1",
        "notes": "useful_infrastructure; tourism:attraction",
        "display_group": "infrastructure",
        "display_color": "#9467bd",
        "display_label": "Information / landmark",
        "infra_field": "tourism",
        "infra_type": "attraction",
        "infra_class": "Information / landmark",
        "infra_category": "Information / landmark",
        "infra_name": "Blockhouse No. 1",
        "display_name": "Blockhouse No. 1",
        "gate_name": null,
        "gate_name_status": null,
        "needs_gate_name_review": "False",
        "snap_dist_m": 5.051490464402663,
        "index_right": 23,
        "grid_x": 5,
        "grid_y": 4,
        "grid_id": "54",
        "lat": 40.7987154,
        "lon": -73.956287,
        "cell_seq": 15,
        "grid_node_code": "54015"
      },
      "geometry": {
        "type": "Point",
        "coordinates": [
          -73.956287,
          40.7987154
        ]
      }
    },
    {
      "type": "Feature",
      "properties": {
        "node_id": "INF_0318",
        "node_type": "infrastructure",
        "node_subtype": "entrance:main",
        "degree": null,
        "source": "infrastructure",
        "source_edge": "E13382",
        "name": "Unnamed main entrance",
        "notes": "useful_infrastructure; entrance:main",
        "display_group": "infrastructure",
        "display_color": "#7f7f7f",
        "display_label": "Entrance / gate",
        "infra_field": "entrance",
        "infra_type": "main",
        "infra_class": "Entrance / gate",
        "infra_category": "Entrance / gate",
        "infra_name": "Unnamed main entrance",
        "display_name": "Unnamed main entrance",
        "gate_name": null,
        "gate_name_status": "missing_name",
        "needs_gate_name_review": "True",
        "snap_dist_m": 0.0,
        "index_right": 23,
        "grid_x": 5,
        "grid_y": 4,
        "grid_id": "54",
        "lat": 40.7987154,
        "lon": -73.956287,
        "cell_seq": 16,
        "grid_node_code": "54016"
      },
      "geometry": {
        "type": "Point",
        "coordinates": [
          -73.956287,
          40.7987154
        ]
      }
    },
    {
      "type": "Feature",
      "properties": {
        "node_id": "INF_0135",
        "node_type": "infrastructure",
        "node_subtype": "tourism:attraction",
        "degree": null,
        "source": "infrastructure",
        "source_edge": "E08121",
        "name": "Glen Span Arch",
        "notes": "useful_infrastructure; tourism:attraction",
        "display_group": "infrastructure",
        "display_color": "#9467bd",
        "display_label": "Information / landmark",
        "infra_field": "tourism",
        "infra_type": "attraction",
        "infra_class": "Information / landmark",
        "infra_category": "Information / landmark",
        "infra_name": "Glen Span Arch",
        "display_name": "Glen Span Arch",
        "gate_name": null,
        "gate_name_status": null,
        "needs_gate_name_review": "False",
        "snap_dist_m": 1.525120166077686,
        "index_right": 23,
        "grid_x": 5,
        "grid_y": 4,
        "grid_id": "54",
        "lat": 40.794718545312335,
        "lon": -73.95917468212856,
        "cell_seq": 49,
        "grid_node_code": "54049"
      },
      "geometry": {
        "type": "Point",
        "coordinates": [
          -73.95917468212856,
          40.794718545312335
        ]
      }
    },
    {
      "type": "Feature",
      "properties": {
        "node_id": "INF_0335",
        "node_type": "infrastructure",
        "node_subtype": "tourism:viewpoint",
        "degree": null,
        "source": "infrastructure",
        "source_edge": "E12830",
        "name": "Viewpoint",
        "notes": "useful_infrastructure; tourism:viewpoint",
        "display_group": "infrastructure",
        "display_color": "#9467bd",
        "display_label": "Information / landmark",
        "infra_field": "tourism",
        "infra_type": "viewpoint",
        "infra_class": "Information / landmark",
        "infra_category": "Information / landmark",
        "infra_name": "Viewpoint",
        "display_name": "Viewpoint",
        "gate_name": null,
        "gate_name_status": null,
        "needs_gate_name_review": "False",
        "snap_dist_m": 1.0272202798237025,
        "index_right": 23,
        "grid_x": 5,
        "grid_y": 4,
        "grid_id": "54",
        "lat": 40.7946199,
        "lon": -73.9582255,
        "cell_seq": 53,
        "grid_node_code": "54053"
      },
      "geometry": {
        "type": "Point",
        "coordinates": [
          -73.9582255,
          40.7946199
        ]
      }
    },
    {
      "type": "Feature",
      "properties": {
        "node_id": "INF_0084",
        "node_type": "infrastructure",
        "node_subtype": "amenity:drinking_water",
        "degree": null,
        "source": "infrastructure",
        "source_edge": "E04115",
        "name": "Drinking Water",
        "notes": "useful_infrastructure; amenity:drinking_water",
        "display_group": "infrastructure",
        "display_color": "#17becf",
        "display_label": "Drinking water",
        "infra_field": "amenity",
        "infra_type": "drinking_water",
        "infra_class": "Drinking water",
        "infra_category": "Drinking water",
        "infra_name": "Drinking Water",
        "display_name": "Drinking Water",
        "gate_name": null,
        "gate_name_status": null,
        "needs_gate_name_review": "False",
        "snap_dist_m": 3.875163439811565,
        "index_right": 23,
        "grid_x": 5,
        "grid_y": 4,
        "grid_id": "54",
        "lat": 40.79356091785489,
        "lon": -73.96060385667059,
        "cell_seq": 68,
        "grid_node_code": "54068"
      },
      "geometry": {
        "type": "Point",
        "coordinates": [
          -73.96060385667059,
          40.79356091785489
        ]
      }
    },
    {
      "type": "Feature",
      "properties": {
        "node_id": "INF_0190",
        "node_type": "infrastructure",
        "node_subtype": "leisure:pitch",
        "degree": null,
        "source": "infrastructure",
        "source_edge": "E00803",
        "name": "North Meadow Baseball Field 5",
        "notes": "useful_infrastructure; leisure:pitch",
        "display_group": "infrastructure",
        "display_color": "#e377c2",
        "display_label": "Recreation",
        "infra_field": "leisure",
        "infra_type": "pitch",
        "infra_class": "Recreation",
        "infra_category": "Recreation",
        "infra_name": "North Meadow Baseball Field 5",
        "display_name": "North Meadow Baseball Field 5",
        "gate_name": null,
        "gate_name_status": null,
        "needs_gate_name_review": "False",
        "snap_dist_m": 26.837722098124413,
        "index_right": 23,
        "grid_x": 5,
        "grid_y": 4,
        "grid_id": "54",
        "lat": 40.79329768891925,
        "lon": -73.95883740271394,
        "cell_seq": 71,
        "grid_node_code": "54071"
      },
      "geometry": {
        "type": "Point",
        "coordinates": [
          -73.95883740271394,
          40.79329768891925
        ]
      }
    },
    {
      "type": "Feature",
      "properties": {
        "node_id": "INF_0167",
        "node_type": "infrastructure",
        "node_subtype": "tourism:information",
        "degree": null,
        "source": "infrastructure",
        "source_edge": "E04837",
        "name": "Information",
        "notes": "useful_infrastructure; tourism:information",
        "display_group": "infrastructure",
        "display_color": "#9467bd",
        "display_label": "Information / landmark",
        "infra_field": "tourism",
        "infra_type": "information",
        "infra_class": "Information / landmark",
        "infra_category": "Information / landmark",
        "infra_name": "Information",
        "display_name": "Information",
        "gate_name": null,
        "gate_name_status": null,
        "needs_gate_name_review": "False",
        "snap_dist_m": 14.814799161128207,
        "index_right": 24,
        "grid_x": 5,
        "grid_y": 5,
        "grid_id": "55",
        "lat": 40.79996820186181,
        "lon": -73.95781536153467,
        "cell_seq": 4,
        "grid_node_code": "55004"
      },
      "geometry": {
        "type": "Point",
        "coordinates": [
          -73.95781536153467,
          40.79996820186181
        ]
      }
    },
    {
      "type": "Feature",
      "properties": {
        "node_id": "INF_0119",
        "node_type": "infrastructure",
        "node_subtype": "amenity:drinking_water",
        "degree": null,
        "source": "infrastructure",
        "source_edge": "E05420",
        "name": "Drinking Water",
        "notes": "useful_infrastructure; amenity:drinking_water",
        "display_group": "infrastructure",
        "display_color": "#17becf",
        "display_label": "Drinking water",
        "infra_field": "amenity",
        "infra_type": "drinking_water",
        "infra_class": "Drinking water",
        "infra_category": "Drinking water",
        "infra_name": "Drinking Water",
        "display_name": "Drinking Water",
        "gate_name": null,
        "gate_name_status": null,
        "needs_gate_name_review": "False",
        "snap_dist_m": 14.629384747959188,
        "index_right": 24,
        "grid_x": 5,
        "grid_y": 5,
        "grid_id": "55",
        "lat": 40.79995881393369,
        "lon": -73.95746458874945,
        "cell_seq": 5,
        "grid_node_code": "55005"
      },
      "geometry": {
        "type": "Point",
        "coordinates": [
          -73.95746458874945,
          40.79995881393369
        ]
      }
    },
    {
      "type": "Feature",
      "properties": {
        "node_id": "INF_0347",
        "node_type": "infrastructure",
        "node_subtype": "leisure:playground",
        "degree": null,
        "source": "infrastructure",
        "source_edge": "E14297",
        "name": "West 110th Street Playground",
        "notes": "useful_infrastructure; leisure:playground",
        "display_group": "infrastructure",
        "display_color": "#e377c2",
        "display_label": "Recreation",
        "infra_field": "leisure",
        "infra_type": "playground",
        "infra_class": "Recreation",
        "infra_category": "Recreation",
        "infra_name": "West 110th Street Playground",
        "display_name": "West 110th Street Playground",
        "gate_name": null,
        "gate_name_status": null,
        "needs_gate_name_review": "False",
        "snap_dist_m": 9.455711689041634,
        "index_right": 24,
        "grid_x": 5,
        "grid_y": 5,
        "grid_id": "55",
        "lat": 40.79986207980286,
        "lon": -73.95698278910689,
        "cell_seq": 8,
        "grid_node_code": "55008"
      },
      "geometry": {
        "type": "Point",
        "coordinates": [
          -73.95698278910689,
          40.79986207980286
        ]
      }
    },
    {
      "type": "Feature",
      "properties": {
        "node_id": "INF_0306",
        "node_type": "infrastructure",
        "node_subtype": "barrier:gate",
        "degree": null,
        "source": "infrastructure",
        "source_edge": "E13619",
        "name": "Unnamed gate",
        "notes": "useful_infrastructure; barrier:gate",
        "display_group": "infrastructure",
        "display_color": "#7f7f7f",
        "display_label": "Entrance / gate",
        "infra_field": "barrier",
        "infra_type": "gate",
        "infra_class": "Entrance / gate",
        "infra_category": "Entrance / gate",
        "infra_name": "Unnamed gate",
        "display_name": "Unnamed gate",
        "gate_name": null,
        "gate_name_status": "missing_name",
        "needs_gate_name_review": "True",
        "snap_dist_m": 0.0,
        "index_right": 24,
        "grid_x": 5,
        "grid_y": 5,
        "grid_id": "55",
        "lat": 40.7998577,
        "lon": -73.9570597,
        "cell_seq": 9,
        "grid_node_code": "55009"
      },
      "geometry": {
        "type": "Point",
        "coordinates": [
          -73.9570597,
          40.7998577
        ]
      }
    },
    {
      "type": "Feature",
      "properties": {
        "node_id": "INF_0085",
        "node_type": "infrastructure",
        "node_subtype": "amenity:drinking_water",
        "degree": null,
        "source": "infrastructure",
        "source_edge": "E05471",
        "name": "Drinking Water",
        "notes": "useful_infrastructure; amenity:drinking_water",
        "display_group": "infrastructure",
        "display_color": "#17becf",
        "display_label": "Drinking water",
        "infra_field": "amenity",
        "infra_type": "drinking_water",
        "infra_class": "Drinking water",
        "infra_category": "Drinking water",
        "infra_name": "Drinking Water",
        "display_name": "Drinking Water",
        "gate_name": null,
        "gate_name_status": null,
        "needs_gate_name_review": "False",
        "snap_dist_m": 4.00565772886599,
        "index_right": 24,
        "grid_x": 5,
        "grid_y": 5,
        "grid_id": "55",
        "lat": 40.79940600522972,
        "lon": -73.95817679548729,
        "cell_seq": 11,
        "grid_node_code": "55011"
      },
      "geometry": {
        "type": "Point",
        "coordinates": [
          -73.95817679548729,
          40.79940600522972
        ]
      }
    },
    {
      "type": "Feature",
      "properties": {
        "node_id": "INF_0076",
        "node_type": "infrastructure",
        "node_subtype": "amenity:drinking_water",
        "degree": null,
        "source": "infrastructure",
        "source_edge": "E01167",
        "name": "Drinking Water",
        "notes": "useful_infrastructure; amenity:drinking_water",
        "display_group": "infrastructure",
        "display_color": "#17becf",
        "display_label": "Drinking water",
        "infra_field": "amenity",
        "infra_type": "drinking_water",
        "infra_class": "Drinking water",
        "infra_category": "Drinking water",
        "infra_name": "Drinking Water",
        "display_name": "Drinking Water",
        "gate_name": null,
        "gate_name_status": null,
        "needs_gate_name_review": "False",
        "snap_dist_m": 3.163613076476428,
        "index_right": 24,
        "grid_x": 5,
        "grid_y": 5,
        "grid_id": "55",
        "lat": 40.798770416639314,
        "lon": -73.95867489775901,
        "cell_seq": 16,
        "grid_node_code": "55016"
      },
      "geometry": {
        "type": "Point",
        "coordinates": [
          -73.95867489775901,
          40.798770416639314
        ]
      }
    },
    {
      "type": "Feature",
      "properties": {
        "node_id": "INF_0075",
        "node_type": "infrastructure",
        "node_subtype": "amenity:drinking_water",
        "degree": null,
        "source": "infrastructure",
        "source_edge": "E00413",
        "name": "Drinking Water",
        "notes": "useful_infrastructure; amenity:drinking_water",
        "display_group": "infrastructure",
        "display_color": "#17becf",
        "display_label": "Drinking water",
        "infra_field": "amenity",
        "infra_type": "drinking_water",
        "infra_class": "Drinking water",
        "infra_category": "Drinking water",
        "infra_name": "Drinking Water",
        "display_name": "Drinking Water",
        "gate_name": null,
        "gate_name_status": null,
        "needs_gate_name_review": "False",
        "snap_dist_m": 3.131275005718933,
        "index_right": 24,
        "grid_x": 5,
        "grid_y": 5,
        "grid_id": "55",
        "lat": 40.79727467263374,
        "lon": -73.95896140982934,
        "cell_seq": 24,
        "grid_node_code": "55024"
      },
      "geometry": {
        "type": "Point",
        "coordinates": [
          -73.95896140982934,
          40.79727467263374
        ]
      }
    },
    {
      "type": "Feature",
      "properties": {
        "node_id": "INF_0183",
        "node_type": "infrastructure",
        "node_subtype": "amenity:toilets",
        "degree": null,
        "source": "infrastructure",
        "source_edge": "E00414",
        "name": "New York City Department of Parks and Recreation",
        "notes": "useful_infrastructure; amenity:toilets",
        "display_group": "infrastructure",
        "display_color": "#1f77b4",
        "display_label": "Restroom",
        "infra_field": "amenity",
        "infra_type": "toilets",
        "infra_class": "Restroom",
        "infra_category": "Restroom",
        "infra_name": "New York City Department of Parks and Recreation",
        "display_name": "New York City Department of Parks and Recreation",
        "gate_name": null,
        "gate_name_status": null,
        "needs_gate_name_review": "False",
        "snap_dist_m": 7.8061207395072225,
        "index_right": 24,
        "grid_x": 5,
        "grid_y": 5,
        "grid_id": "55",
        "lat": 40.79726096177815,
        "lon": -73.9590385304128,
        "cell_seq": 25,
        "grid_node_code": "55025"
      },
      "geometry": {
        "type": "Point",
        "coordinates": [
          -73.9590385304128,
          40.79726096177815
        ]
      }
    },
    {
      "type": "Feature",
      "properties": {
        "node_id": "INF_0104",
        "node_type": "infrastructure",
        "node_subtype": "amenity:drinking_water",
        "degree": null,
        "source": "infrastructure",
        "source_edge": "E07681",
        "name": "Drinking Water",
        "notes": "useful_infrastructure; amenity:drinking_water",
        "display_group": "infrastructure",
        "display_color": "#17becf",
        "display_label": "Drinking water",
        "infra_field": "amenity",
        "infra_type": "drinking_water",
        "infra_class": "Drinking water",
        "infra_category": "Drinking water",
        "infra_name": "Drinking Water",
        "display_name": "Drinking Water",
        "gate_name": null,
        "gate_name_status": null,
        "needs_gate_name_review": "False",
        "snap_dist_m": 7.587994713726591,
        "index_right": 24,
        "grid_x": 5,
        "grid_y": 5,
        "grid_id": "55",
        "lat": 40.795829550350035,
        "lon": -73.9611800724032,
        "cell_seq": 54,
        "grid_node_code": "55054"
      },
      "geometry": {
        "type": "Point",
        "coordinates": [
          -73.9611800724032,
          40.795829550350035
        ]
      }
    },
    {
      "type": "Feature",
      "properties": {
        "node_id": "INF_0052",
        "node_type": "infrastructure",
        "node_subtype": "amenity:drinking_water",
        "degree": null,
        "source": "infrastructure",
        "source_edge": "E03373",
        "name": "Drinking Water",
        "notes": "useful_infrastructure; amenity:drinking_water",
        "display_group": "infrastructure",
        "display_color": "#17becf",
        "display_label": "Drinking water",
        "infra_field": "amenity",
        "infra_type": "drinking_water",
        "infra_class": "Drinking water",
        "infra_category": "Drinking water",
        "infra_name": "Drinking Water",
        "display_name": "Drinking Water",
        "gate_name": null,
        "gate_name_status": null,
        "needs_gate_name_review": "False",
        "snap_dist_m": 2.2982343538104084,
        "index_right": 24,
        "grid_x": 5,
        "grid_y": 5,
        "grid_id": "55",
        "lat": 40.79400803278118,
        "lon": -73.96197134438648,
        "cell_seq": 65,
        "grid_node_code": "55065"
      },
      "geometry": {
        "type": "Point",
        "coordinates": [
          -73.96197134438648,
          40.79400803278118
        ]
      }
    },
    {
      "type": "Feature",
      "properties": {
        "node_id": "INF_0185",
        "node_type": "infrastructure",
        "node_subtype": "leisure:pitch",
        "degree": null,
        "source": "infrastructure",
        "source_edge": "E12391",
        "name": "North Meadow Baseball Field 1",
        "notes": "useful_infrastructure; leisure:pitch",
        "display_group": "infrastructure",
        "display_color": "#e377c2",
        "display_label": "Recreation",
        "infra_field": "leisure",
        "infra_type": "pitch",
        "infra_class": "Recreation",
        "infra_category": "Recreation",
        "infra_name": "North Meadow Baseball Field 1",
        "display_name": "North Meadow Baseball Field 1",
        "gate_name": null,
        "gate_name_status": null,
        "needs_gate_name_review": "False",
        "snap_dist_m": 57.70928811619981,
        "index_right": 24,
        "grid_x": 5,
        "grid_y": 5,
        "grid_id": "55",
        "lat": 40.79337058562106,
        "lon": -73.96103604786353,
        "cell_seq": 71,
        "grid_node_code": "55071"
      },
      "geometry": {
        "type": "Point",
        "coordinates": [
          -73.96103604786353,
          40.79337058562106
        ]
      }
    }
  ]
}